"locator_domain","location_name","street_address","city","state","zip","country_code","store_number","phone","location_type","latitude","longitude","hours_of_operation","page_url"
"https://www.centurynationalbank.com","Zanesville Lending Center Century National Bank","505 Market Street","Zanesville","OH","43701","US","501","740-454-6892","ATMDrive Thru","39.942012","-82.006055","Lobby Hours:Mon: 8:30 am - 5 pm Tue: 8:30 am - 5 pm Wed: 8:30 am - 5 pm Thu: 8:30 am - 5 pm Fri: 8:30 am - 5 pm Sat: Closed Sun: Closed ","https://centurynationalbank.com/locations/page/1/?place&latitude&longitude&type=location#038;latitude&longitude&type=location"
"https://www.centurynationalbank.com","Main Office Century National Bank","14 South Fifth Street","Zanesville","OH","43701","US","489","740-455-7230","Branch","39.939718","-82.006162","Drive-Thru Hours:Mon: 9 am - 4 pm Tue: 9 am - 4 pm Wed: 9 am - 4 pm Thu: 9 am - 4 pm Fri: 9 am - 5 pm Sat: Closed Sun: Closed ","https://centurynationalbank.com/locations/page/1/?place&latitude&longitude&type=location#038;latitude&longitude&type=location"
"https://www.centurynationalbank.com","Zanesville East Office Century National Bank","80 Sunrise Center Drive","Zanesville","OH","43701","US","494","740-455-7305","BranchATMDrive Thru","39.943101","-81.98107","Lobby Hours:Mon: 9 am - 4 pm Tue: 9 am - 4 pm Wed: 9 am - 4 pm Thu: 9 am - 4 pm Fri: 9 am - 5 pm Sat: Closed Sun: Closed ","https://centurynationalbank.com/locations/page/1/?place&latitude&longitude&type=location#038;latitude&longitude&type=location"
"https://www.centurynationalbank.com","Zanesville Military Office Century National Bank","990 Military Road","Zanesville","OH","43701","US","493","740-454-8505","BranchATMDrive Thru","39.979342","-82.017606","Lobby Hours:Mon: 8 am - 6 pm Tue: 8 am - 6 pm Wed: 8 am - 6 pm Thu: 8 am - 6 pm Fri: 8 am - 6 pm Sat: 9 am - 1 pm Sun: Closed ","https://centurynationalbank.com/locations/page/1/?place&latitude&longitude&type=location#038;latitude&longitude&type=location"
"https://www.centurynationalbank.com","Zanesville Kroger Office Century National Bank","3387 Maple Avenue","Zanesville","OH","43701","US","492","740-455-7326","BranchATMExtended Hours","39.982689","-82.021844","Drive-Thru Hours:Mon: 8 am - 6 pm Tue: 8 am - 6 pm Wed: 8 am - 6 pm Thu: 8 am - 6 pm Fri: 8 am - 6 pm Sat: 9 am - 1 pm Sun: Closed ","https://centurynationalbank.com/locations/page/1/?place&latitude&longitude&type=location#038;latitude&longitude&type=location"
"https://www.centurynationalbank.com","Zanesville Brandywine Office ","1201 Brandywine Boulevard","Zanesville","OH","43701","US","490","740-455-7285","BranchATMExtended HoursDrive Thru","39.985573","-82.02217","Lobby Hours:Mon: 8 am - 6 pm Tue: 8 am - 6 pm Wed: 8 am - 6 pm Thu: 8 am - 6 pm Fri: 8 am - 6 pm Sat: 9 am - 1 pm Sun: Closed ","https://centurynationalbank.com/locations/page/2/?place&latitude&longitude&type=location#038;latitude&longitude&type=location"
"https://www.centurynationalbank.com","Zanesville South Office Century National Bank","2127 Maysville Avenue","Zanesville","OH","43701","US","491","740-455-7301","BranchATMExtended HoursDrive Thru","39.910163","-82.016772","Drive-Thru Hours:Mon: 8 am - 6 pm Tue: 8 am - 6 pm Wed: 8 am - 6 pm Thu: 8 am - 6 pm Fri: 8 am - 6 pm Sat: 9 am - 1 pm Sun: Closed ","https://centurynationalbank.com/locations/page/2/?place&latitude&longitude&type=location#038;latitude&longitude&type=location"
"https://www.centurynationalbank.com","South Maysville Office Century National Bank","2810 Maysville Pike","Zanesville","OH","43701","US","496","740-455-3169","BranchATMDrive Thru","39.894294","-82.04144","Lobby Hours:Mon: 8 am - 6 pm Tue: 8 am - 6 pm Wed: 8 am - 6 pm Thu: 8 am - 6 pm Fri: 8 am - 6 pm Sat: 9 am - 1 pm Sun: Closed ","https://centurynationalbank.com/locations/page/2/?place&latitude&longitude&type=location#038;latitude&longitude&type=location"
"https://www.centurynationalbank.com","Dresden Office Century National Bank","91 West Dave Longaberger Avenue","Dresden","OH","43821","US","495","740-754-2265","BranchATMExtended HoursDrive Thru","40.123368","-82.021408","Drive-Thru Hours:Mon: 8 am - 6 pm Tue: 8 am - 6 pm Wed: 8 am - 6 pm Thu: 8 am - 6 pm Fri: 8 am - 6 pm Sat: 9 am - 1 pm Sun: Closed ","https://centurynationalbank.com/locations/page/2/?place&latitude&longitude&type=location#038;latitude&longitude&type=location"
"https://www.centurynationalbank.com","New Concord Office Century National Bank","One West Main Street","New Concord","OH","43762","US","502","740-826-7676","BranchATMDrive Thru","39.99388","-81.734262","Lobby Hours:Mon: 9 am - 5 pm Tue: 9 am - 5 pm Wed: 9 am - 5 pm Thu: 9 am - 5 pm Fri: 9 am - 5 pm Sat: Closed Sun: Closed ","https://centurynationalbank.com/locations/page/2/?place&latitude&longitude&type=location#038;latitude&longitude&type=location"
"https://www.centurynationalbank.com","New Lexington Office Century National Bank","206 North Main Street","New Lexington","OH","43764","US","497","740-342-4103","BranchATMDrive Thru","39.715227","-82.208545","Lobby Hours:Mon: 9 am - 5 pm Tue: 9 am - 5 pm Wed: 9 am - 5 pm Thu: 9 am - 5 pm Fri: 9 am - 5 pm Sat: 9 am - 12 pm Sun: Closed ","https://centurynationalbank.com/locations/page/3/?place&latitude&longitude&type=location#038;latitude&longitude&type=location"
"https://www.centurynationalbank.com","Eastland Office Park National Bank","1008 East Main Street","Newark","OH","43055","US","457","740-349-3942","BranchATM","40.061071","-82.364306","Drive-Thru Hours:Mon: 9 am - 5 pm Tue: 9 am - 5 pm Wed: 9 am - 5 pm Thu: 9 am - 5 pm Fri: 9 am - 5 pm Sat: 9 am - 12 pm Sun: Closed ","https://centurynationalbank.com/locations/page/3/?place&latitude&longitude&type=location#038;latitude&longitude&type=location"
"https://www.centurynationalbank.com","Main Office Park National Bank","50 North 3rd Street","Newark","OH","43055","US","452","740-349-8451","BranchATMDrive Thru","40.059288","-82.403111","Lobby Hours:Mon: 9 am - 5 pm Tue: 9 am - 5 pm Wed: 9 am - 5 pm Thu: 9 am - 5 pm Fri: 9 am - 6 pm Sat: 9 am - 12 pm Sun: Closed ","https://centurynationalbank.com/locations/page/3/?place&latitude&longitude&type=location#038;latitude&longitude&type=location"
"https://www.centurynationalbank.com","Cambridge Office Century National Bank","758 Wheeling Avenue","Cambridge","Ohio","43725","US","7957","740-439-0014","BranchATM","40.024482","-81.59018900000001","Lobby Hours:Mon: 9 am - 5 pm Tue: 9 am - 5 pm Wed: 9 am - 5 pm Thu: 9 am - 5 pm Fri: 9 am - 5 pm Sat: 9 am - 12 pm Sun: Closed ","https://centurynationalbank.com/locations/page/3/?place&latitude&longitude&type=location#038;latitude&longitude&type=location"
"https://www.centurynationalbank.com","Coshocton Plaza Office Century National Bank","100 Downtowner Plaza","Coshocton","OH","43812","US","500","740-623-0114","BranchATMExtended HoursDrive Thru","40.268862","-81.86968","Drive-Thru Hours:Mon: 8 am - 5 pm Tue: 8 am - 5 pm Wed: 8 am - 5 pm Thu: 8 am - 5 pm Fri: 8 am - 6 pm Sat: 8:30 am - 12 pm Sun: Closed ","https://centurynationalbank.com/locations/page/3/?place&latitude&longitude&type=location#038;latitude&longitude&type=location"
"https://www.centurynationalbank.com","Southgate Office Park National Bank","567 Hebron Road","Heath","OH","43056","US","454","740-522-3176","BranchATM","40.037079","-82.430757","Lobby Hours:Mon: 9 am - 5 pm Tue: 9 am - 5 pm Wed: 9 am - 5 pm Thu: 9 am - 5 pm Fri: 9 am - 5 pm Sat: Closed Sun: Closed ","https://centurynationalbank.com/locations/page/4/?place&latitude&longitude&type=location#038;latitude&longitude&type=location"
"https://www.centurynationalbank.com","Coshocton North Office Century National Bank","229 North Third Street","Coshocton","OH","43812","US","10205","740-622-4455","BranchATMDrive Thru","40.275778","-81.867660","Lobby Hours:Mon: 8:30 am - 5 pm Tue: 8:30 am - 5 pm Wed: 8:30 am - 5 pm Thu: 8:30 am - 5 pm Fri: 8:30 am - 5:30 pm Sat: Closed Sun: Closed ","https://centurynationalbank.com/locations/page/4/?place&latitude&longitude&type=location#038;latitude&longitude&type=location"
"https://www.centurynationalbank.com","30th Street Park National Bank","800 South 30th Street","Heath","OH","43056","US","453","740-522-5693","BranchATMExtended HoursDrive Thru","40.030138","-82.443125","Drive-Thru Hours:Mon: 8:30 am - 5 pm Tue: 8:30 am - 5 pm Wed: 8:30 am - 5 pm Thu: 8:30 am - 5 pm Fri: 8:30 am - 5:30 pm Sat: Closed Sun: Closed ","https://centurynationalbank.com/locations/page/4/?place&latitude&longitude&type=location#038;latitude&longitude&type=location"
"https://www.centurynationalbank.com","21st Street Office Park National Bank","990 North 21st Street","Newark","OH","43055","US","461","740-349-3943","BranchATMDrive Thru","40.075779","-82.428285","Lobby Hours:Mon: 9 am - 7 pm Tue: 9 am - 7 pm Wed: 9 am - 7 pm Thu: 9 am - 7 pm Fri: 9 am - 7 pm Sat: 9 am - 3 pm Sun: 11 am - 3 pm ","https://centurynationalbank.com/locations/page/4/?place&latitude&longitude&type=location#038;latitude&longitude&type=location"
"https://www.centurynationalbank.com","Kroger Marketplace Office Park National Bank","1155 North 21st Street","Newark","OH","43055","US","465","740-349-3946","BranchATMExtended Hours","40.079885","-82.429923","Drive-Thru Hours:Mon: 7 am - 7 pm Tue: 7 am - 7 pm Wed: 7 am - 7 pm Thu: 7 am - 7 pm Fri: 7 am - 7 pm Sat: 8 am - 3 pm Sun: 11 am - 3 pm ","https://centurynationalbank.com/locations/page/4/?place&latitude&longitude&type=location#038;latitude&longitude&type=location"
"https://www.centurynationalbank.com","Licking Memorial Hospital ATM Park National Bank","1320 West Main Street","Newark","OH","43055","US","4605","<MISSING>","ATM Only","40.0469","-82.450809","Lobby Hours:Mon: 9 am - 5 pm Tue: 9 am - 5 pm Wed: 9 am - 5 pm Thu: 9 am - 5 pm Fri: 9 am - 5 pm Sat: Closed Sun: Closed ","https://centurynationalbank.com/locations/page/5/?place&latitude&longitude&type=location#038;latitude&longitude&type=location"
"https://www.centurynationalbank.com","Dugway Office Park National Bank","1495 Granville Road","Newark","OH","43055","US","455","740-349-3947","BranchATMDrive Thru","40.058306","-82.453807","Drive-Thru Hours:Mon: 9 am - 5 pm Tue: 9 am - 5 pm Wed: 9 am - 5 pm Thu: 9 am - 5 pm Fri: 9 am - 6 pm Sat: Closed Sun: Closed ","https://centurynationalbank.com/locations/page/5/?place&latitude&longitude&type=location#038;latitude&longitude&type=location"
"https://www.centurynationalbank.com","OSU-N/COTC ATM Park National Bank","1179 University Drive","Newark","OH","43055","US","4607","<MISSING>","ATM Only","40.07031","-82.448759","Lobby Hours:Mon: 9 am - 5 pm Tue: 9 am - 5 pm Wed: 9 am - 5 pm Thu: 9 am - 5 pm Fri: 9 am - 5 pm Sat: Closed Sun: Closed ","https://centurynationalbank.com/locations/page/5/?place&latitude&longitude&type=location#038;latitude&longitude&type=location"
"https://www.centurynationalbank.com","McMillen Office Park National Bank","1633 West Main Street","Newark","OH","43055","US","462","740-349-3944","BranchATMDrive Thru","40.044202","-82.461065","Drive-Thru Hours:Mon: 9 am - 5 pm Tue: 9 am - 5 pm Wed: 9 am - 5 pm Thu: 9 am - 5 pm Fri: 9 am - 6 pm Sat: Closed Sun: Closed ","https://centurynationalbank.com/locations/page/5/?place&latitude&longitude&type=location#038;latitude&longitude&type=location"
"https://www.centurynationalbank.com","Hebron Kroger ATM Park National Bank","600 East Main Street","Hebron","OH","43025","US","4596","<MISSING>","ATM Only","39.961363","-82.478599","<MISSING>","https://centurynationalbank.com/locations/page/5/?place&latitude&longitude&type=location#038;latitude&longitude&type=location"
"https://www.centurynationalbank.com","Hebron Office Park National Bank","103 East Main Street","Hebron","OH","43025","US","456","740-928-2691","BranchATMDrive Thru","39.961963","-82.491095","Lobby Hours:Mon: 9 am - 5 pm Tue: 9 am - 5 pm Wed: 9 am - 5 pm Thu: 9 am - 5 pm Fri: 9 am - 5 pm Sat: 9 am - 12 pm Sun: Closed ","https://centurynationalbank.com/locations/page/6/?place&latitude&longitude&type=location#038;latitude&longitude&type=location"
"https://www.centurynationalbank.com","Granville Office Park National Bank","119 East Broadway","Granville","OH","43023","US","458","740-587-0238","BranchATMDrive Thru","40.067801","-82.519411","Drive-Thru Hours:Mon: 8 am - 5 pm Tue: 8 am - 5 pm Wed: 8 am - 5 pm Thu: 8 am - 5 pm Fri: 8 am - 6 pm Sat: 8:30 am - 12 pm Sun: Closed ","https://centurynationalbank.com/locations/page/6/?place&latitude&longitude&type=location#038;latitude&longitude&type=location"
"https://www.centurynationalbank.com","Denison University ATM Park National Bank","Denison University","Granville","OH","43023","US","4594","<MISSING>","ATM Only","40.06358","-82.526269","Lobby Hours:Mon: 9 am - 5 pm Tue: 9 am - 5 pm Wed: 9 am - 5 pm Thu: 9 am - 5 pm Fri: 9 am - 5 pm Sat: 9 am - 12 pm Sun: Closed ","https://centurynationalbank.com/locations/page/6/?place&latitude&longitude&type=location#038;latitude&longitude&type=location"
"https://www.centurynationalbank.com","Kendal at Granville ATM Park National Bank","2158 Columbus Road","Granville","OH","43023","US","4602","<MISSING>","ATM Only","40.054336","-82.544689","Drive-Thru Hours:Mon: 9 am - 5 pm Tue: 9 am - 5 pm Wed: 9 am - 5 pm Thu: 9 am - 5 pm Fri: 9 am - 6 pm Sat: 9 am - 12 pm Sun: Closed ","https://centurynationalbank.com/locations/page/6/?place&latitude&longitude&type=location#038;latitude&longitude&type=location"
"https://www.centurynationalbank.com","Newcomerstown Office Century National Bank","220 East State Street","Newcomerstown","OH","43832","US","504","740-498-4103","BranchATMDrive Thru","40.272149","-81.604549","Lobby Hours:Mon: 9 am - 5 pm Tue: 9 am - 5 pm Wed: 9 am - 5 pm Thu: 9 am - 5 pm Fri: 9 am - 5 pm Sat: 9 am - 12 pm Sun: Closed ","https://centurynationalbank.com/locations/page/6/?place&latitude&longitude&type=location#038;latitude&longitude&type=location"
"https://www.centurynationalbank.com","Utica Office Park National Bank","33 South Main Street","Utica","OH","43080","US","459","740-892-3841","BranchATMDrive Thru","40.233732","-82.452904","Lobby Hours:Mon: 8:30 am - 5 pm Tue: 8:30 am - 5 pm Wed: 8:30 am - 5 pm Thu: 8:30 am - 5 pm Fri: 8:30 am - 5 pm Sat: 8:30 am - 12 pm Sun: Closed ","https://centurynationalbank.com/locations/page/7/?place&latitude&longitude&type=location#038;latitude&longitude&type=location"
"https://www.centurynationalbank.com","Baltimore Office Fairfield National Bank","1301 West Market Street","Baltimore","OH","43105","US","470","740-862-4104","Safe Deposit BoxBranchATMDrive Thru","39.845468","-82.617194","Drive-Thru Hours:Mon: 8 am - 5 pm Tue: 8 am - 5 pm Wed: 8 am - 5 pm Thu: 8 am - 5 pm Fri: 8 am - 6 pm Sat: 8:30 am - 12 pm Sun: Closed ","https://centurynationalbank.com/locations/page/7/?place&latitude&longitude&type=location#038;latitude&longitude&type=location"
"https://www.centurynationalbank.com","Ohio University- Lancaster ATM Fairfield National Bank","1570 Granville Pike","Lancaster","OH","43130","US","4588","<MISSING>","ATM Only","39.739657","-82.587638","Lobby Hours:Mon: 9 am - 5 pm Tue: 9 am - 5 pm Wed: 9 am - 5 pm Thu: 9 am - 5 pm Fri: 9 am - 6 pm Sat: 9 am - 12 pm Sun: Closed ","https://centurynationalbank.com/locations/page/7/?place&latitude&longitude&type=location#038;latitude&longitude&type=location"
"https://www.centurynationalbank.com","Fairfield Medical Center North Wing ATM Fairfield National Bank","401 N Ewing St","Lancaster","OH","43130","US","4586","<MISSING>","ATM Only","39.717359","-82.576766","Drive-Thru Hours:Mon: 8 am - 5 pm Tue: 8 am - 5 pm Wed: 8 am - 5 pm Thu: 8 am - 5 pm Fri: 8 am - 6 pm Sat: 8 am - 12 pm Sun: Closed ","https://centurynationalbank.com/locations/page/7/?place&latitude&longitude&type=location#038;latitude&longitude&type=location"
"https://www.centurynationalbank.com","Fairfield Medical Center ATM Fairfield National Bank","401 North Ewing Street","Lancaster","OH","43130","US","4526","<MISSING>","ATM Only","39.717359","-82.576766","<MISSING>","https://centurynationalbank.com/locations/page/7/?place&latitude&longitude&type=location#038;latitude&longitude&type=location"
"https://www.centurynationalbank.com","East Main Office Fairfield National Bank","1001 East Main Street","Lancaster","OH","43130","US","473","740-653-5598","BranchATMDrive Thru","39.714057","-82.581666","Lobby Hours:Mon: 9 am - 5 pm Tue: 9 pm - 5 pm Wed: 9 am - 5 pm Thu: 9 am - 5 pm Fri: 9 am - 6 pm Sat: 9 am - 3 pm Sun: Closed ","https://centurynationalbank.com/locations/page/8/?place&latitude&longitude&type=location#038;latitude&longitude&type=location"
"https://www.centurynationalbank.com","Pataskala Kroger Office Park National Bank","350 East Broad Street","Pataskala","OH","43062","US","464","740-927-8113","BranchATMExtended HoursDrive Thru","40.005038","-82.664368","Drive-Thru Hours:Mon: 8 am - 6 pm Tue: 8 am - 6 pm Wed: 8 am - 6 pm Thu: 8 am - 6 pm Fri: 8 am - 6 pm Sat: 8 am - 3 pm Sun: Closed ","https://centurynationalbank.com/locations/page/8/?place&latitude&longitude&type=location#038;latitude&longitude&type=location"
"https://www.centurynationalbank.com","Logan Office Century National Bank","61 North Market Street","Logan","OH","43138","US","498","740-385-5621","BranchATMDrive Thru","39.540774","-82.409193","Lobby Hours:Mon: 9 am - 7 pm Tue: 9 am - 7 pm Wed: 9 am - 7 pm Thu: 9 am - 7 pm Fri: 9 am - 7 pm Sat: 9 am - 3 pm Sun: 11 am - 3 pm ","https://centurynationalbank.com/locations/page/8/?place&latitude&longitude&type=location#038;latitude&longitude&type=location"
"https://www.centurynationalbank.com","Meijer Office Fairfield National Bank","2900 Columbus Lancaster Rd","Lancaster","OH","43130","US","475","740-687-1000","BranchATMExtended Hours","39.713675","-82.599329","Drive-Thru Hours:Mon: 7 am - 7 pm Tue: 7 am - 7 pm Wed: 7 am - 7 pm Thu: 7 am - 7 pm Fri: 7 am - 7 pm Sat: 8 am - 3 pm Sun: 11 am - 3 pm ","https://centurynationalbank.com/locations/page/8/?place&latitude&longitude&type=location#038;latitude&longitude&type=location"
"https://www.centurynationalbank.com","Memorial Drive Office Fairfield National Bank","1280 North Memorial Drive","Lancaster","OH","43130","US","469","740-653-1422","Safe Deposit BoxBranchATMExtended HoursDrive Thru","39.728782","-82.611039","Lobby Hours:Mon: 9 am - 5 pm Tue: 9 am - 5 pm Wed: 9 am - 5 pm Thu: 9 am - 5 pm Fri: 9 am - 5 pm Sat: 9 am - 12 pm Sun: Closed ","https://centurynationalbank.com/locations/page/8/?place&latitude&longitude&type=location#038;latitude&longitude&type=location"
"https://www.centurynationalbank.com","Main Office Fairfield National Bank","143 West Main Street","Lancaster","OH","43130","US","468","740-653-7242","Safe Deposit BoxBranchATMDrive Thru","39.714149","-82.603486","Lobby Hours:Mon: 9 am - 5 pm Tue: 9 am - 5 pm Wed: 9 am - 5 pm Thu: 9 am - 5 pm Fri: 9 am - 5 pm Sat: 9 am - 12 pm Sun: Closed ","https://centurynationalbank.com/locations/page/9/?place&latitude&longitude&type=location#038;latitude&longitude&type=location"
"https://www.centurynationalbank.com","West Fair Office Fairfield National Bank","1001 West Fair Avenue","Lancaster","OH","43130","US","474","740-653-1199","Safe Deposit BoxBranchATMDrive Thru","39.724821","-82.617402","Drive-Thru Hours:Mon: 8 am - 5:30 pm Tue: 8 am - 5:30 pm Wed: 8 am - 5:30 pm Thu: 8 am - 5:30 pm Fri: 8 am - 6 pm Sat: 9 am - 12 pm Sun: Closed ","https://centurynationalbank.com/locations/page/9/?place&latitude&longitude&type=location#038;latitude&longitude&type=location"
"https://www.centurynationalbank.com","Kenyon College Bookstore ATM First-Knox National Bank","106 Gaskin Ave - Kenyon College Bookstore","Gambier","OH","43022","US","3936","<MISSING>","ATM Only","40.38471","-82.393819","Lobby Hours:Mon: 9 am - 5 pm Tue: 9 am - 5 pm Wed: 9 am - 5 pm Thu: 9 am - 5 pm Fri: 9 am - 6 pm Sat: 9 am - 12 pm Sun: Closed ","https://centurynationalbank.com/locations/page/9/?place&latitude&longitude&type=location#038;latitude&longitude&type=location"
"https://www.centurynationalbank.com","Apple Valley ATM First-Knox National Bank","21973 Coshocton Road","Howard","OH","43028","US","3829","<MISSING>","ATM Only","40.408838","-82.350679","Drive-Thru Hours:Mon: 8 am - 5 pm Tue: 8 am - 5 pm Wed: 8 am - 5 pm Thu: 8 am - 5 pm Fri: 8 am - 6 pm Sat: 8 am - 12 pm Sun: Closed ","https://centurynationalbank.com/locations/page/9/?place&latitude&longitude&type=location#038;latitude&longitude&type=location"
"https://www.centurynationalbank.com","Danville Office First-Knox National Bank","4 South Market Street","Danville","OH","43014","US","508","740-599-6686","Safe Deposit BoxBranchATMDrive Thru","40.451161","-82.260158","Lobby Hours:Mon: 8:30 am - 4:30 pm Tue: 8:30 am - 4:30 pm Wed: 8:30 am - 4:30 pm Thu: 8:30 am - 4:30 pm Fri: 8:30 am - 5:30 pm Sat: 8:30 am - 12 pm Sun: Closed ","https://centurynationalbank.com/locations/page/9/?place&latitude&longitude&type=location#038;latitude&longitude&type=location"
"https://www.centurynationalbank.com","Blackjack Road Office First-Knox National Bank","8641 Blackjack Road","Mount Vernon","OH","43050","US","514","740-399-5260","BranchATMDrive Thru","40.360747","-82.479138","Lobby Hours:Mon: 9 am - 4:30 pm Tue: 9 am - 4:30 pm Wed: 9 am - 4:30 pm Thu: 9 am - 4:30 pm Fri: 8:30 am - 5:30 pm Sat: Closed Sun: Closed ","https://centurynationalbank.com/locations/page/10/?place&latitude&longitude&type=location#038;latitude&longitude&type=location"
"https://www.centurynationalbank.com","Mount Vernon Nazarene University ATM First-Knox National Bank","800 Martinsburg Road - Hyson Campus Center","Mount Vernon","OH","43050","US","3982","<MISSING>","ATM Only","40.372867","-82.47118","Drive-Thru Hours:Mon: 9 am - 5 pm Tue: 9 am - 5 pm Wed: 9 am - 5 pm Thu: 9 am - 5 pm Fri: 8:30 am - 5:30 pm Sat: Closed Sun: Closed ","https://centurynationalbank.com/locations/page/10/?place&latitude&longitude&type=location#038;latitude&longitude&type=location"
"https://www.centurynationalbank.com","Johnstown Office Park National Bank","60 West Coshocton Street","Johnstown","OH","43031","US","460","740-967-1831","BranchATMDrive Thru","40.153124","-82.686352","Lobby Hours:Mon: 9 am - 5 pm Tue: 9 am - 5 pm Wed: 9 am - 5 pm Thu: 9 am - 5 pm Fri: 9 am - 5 pm Sat: 9 am - 12 pm Sun: Closed ","https://centurynationalbank.com/locations/page/10/?place&latitude&longitude&type=location#038;latitude&longitude&type=location"
"https://www.centurynationalbank.com","Knox Community Hospital ATM First-Knox National Bank","1330 Coshocton Road - Knox Community Hospital","Mount Vernon","OH","43050","US","3946","<MISSING>","ATM Only","40.402404","-82.44716","Drive-Thru Hours:Mon: 8:30 am - 5 pm Tue: 8:30 am - 5 pm Wed: 8:30 am - 5 pm Thu: 8:30 am - 5 pm Fri: 8:30 am - 6 pm Sat: 9 am - 12 pm Sun: Closed ","https://centurynationalbank.com/locations/page/10/?place&latitude&longitude&type=location#038;latitude&longitude&type=location"
"https://www.centurynationalbank.com","Mount Vernon Avenue ATM First-Knox National Bank","110 Mount Vernon Avenue - Colonial City Lanes","Mount Vernon","OH","43050","US","3967","<MISSING>","ATM Only","40.384487","-82.481557","<MISSING>","https://centurynationalbank.com/locations/page/10/?place&latitude&longitude&type=location#038;latitude&longitude&type=location"
"https://www.centurynationalbank.com","Coshocton Avenue Office First-Knox National Bank","810 Coshocton Avenue","Mount Vernon","OH","43050","US","506","740-397-5551","Safe Deposit BoxBranchATMExtended HoursDrive Thru","40.398548","-82.460817","Lobby Hours:Mon: 8 am - 6 pm Tue: 8 am - 6 pm Wed: 8 am - 6 pm Thu: 8 am - 6 pm Fri: 8 am - 6 pm Sat: 8 am - 3 pm Sun: Closed ","https://centurynationalbank.com/locations/page/11/?place&latitude&longitude&type=location#038;latitude&longitude&type=location"
"https://www.centurynationalbank.com","COTC ATM First-Knox National Bank","236 South Main Street","Mount Vernon","OH","43050","US","3932","<MISSING>","ATM Only","40.3911","-82.4853","Drive-Thru Hours:Mon: 8 am - 7 pm Tue: 8 am - 7 pm Wed: 8 am - 7 pm Thu: 8 am - 7 pm Fri: 8 am - 7 pm Sat: 8 am - 3 pm Sun: Closed ","https://centurynationalbank.com/locations/page/11/?place&latitude&longitude&type=location#038;latitude&longitude&type=location"
"https://www.centurynationalbank.com","Main Office First-Knox National Bank","One South Main Street","Mount Vernon","OH","43050","US","505","740-399-5500","Safe Deposit BoxBranchATMDrive Thru","40.3931","-82.48583","Lobby Hours:Mon: 8:30 am - 5 pm Tue: 8:30 am - 5 pm Wed: 8:30 am - 5 pm Thu: 8:30 am - 5 pm Fri: 8:30 am - 5:30 pm Sat: 8:30 am - 12 pm Sun: Closed ","https://centurynationalbank.com/locations/page/11/?place&latitude&longitude&type=location#038;latitude&longitude&type=location"
"https://www.centurynationalbank.com","Vine Street ATM First-Knox National Bank","11 West Vine Street","Mount Vernon","OH","43050","US","8097","<MISSING>","ATM Only","40.392906","-82.48626","Drive-Thru Hours:Mon: 8:30 am - 5 pm Tue: 8:30 am - 5 pm Wed: 8:30 am - 5 pm Thu: 8:30 am - 5 pm Fri: 8:30 am - 5:30 pm Sat: 8:30 am - 12 pm Sun: Closed ","https://centurynationalbank.com/locations/page/11/?place&latitude&longitude&type=location#038;latitude&longitude&type=location"
"https://www.centurynationalbank.com","Pickerington Office Fairfield National Bank","1274 Hill Road North","Pickerington","OH","43147","US","472","614-759-1522","BranchATMExtended Hours","39.88423","-82.753505","Lobby Hours:Mon: 9 am - 6 pm Tue: 9 am - 6 pm Wed: 9 am - 6 pm Thu: 9 am - 6 pm Fri: 9 am - 6 pm Sat: 9 am - 1 pm Sun: Closed ","https://centurynationalbank.com/locations/page/11/?place&latitude&longitude&type=location#038;latitude&longitude&type=location"
"https://www.centurynationalbank.com","Slate Ridge Office Fairfield National Bank","1988 Baltimore-Reynoldsburg Road","Reynoldsburg","OH","43068","US","477","614-868-1988","Safe Deposit BoxBranchATMDrive Thru","39.943725","-82.794613","Lobby Hours:Mon: 9 am - 5 pm Tue: 9 am - 5 pm Wed: 9 am - 5 pm Thu: 9 am - 5 pm Fri: 9 am - 6 pm Sat: 9 am - 12 pm Sun: Closed ","https://centurynationalbank.com/locations/page/12/?place&latitude&longitude&type=location#038;latitude&longitude&type=location"
"https://www.centurynationalbank.com","Millersburg Bags ATM First-Knox National Bank","88 East Jackson Street - Bags","Millersburg","OH","44654","US","3950","<MISSING>","ATM Only","40.55415","-81.916363","Drive-Thru Hours:Mon: 9 am - 5 pm Tue: 9 am - 5 pm Wed: 9 am - 5 pm Thu: 9 am - 5 pm Fri: 9 am - 6 pm Sat: 9 am - 12 pm Sun: Closed ","https://centurynationalbank.com/locations/page/12/?place&latitude&longitude&type=location#038;latitude&longitude&type=location"
"https://www.centurynationalbank.com","Millersburg Office First-Knox National Bank","225 North Clay Street","Millersburg","OH","44654","US","510","330-674-2610","Safe Deposit BoxBranchATMDrive Thru","40.556525","-81.917213","Lobby Hours:Mon: 8:30 am - 5 pm Tue: 8:30 am - 5 pm Wed: 8:30 am - 5 pm Thu: 8:30 am - 5 pm Fri: 8:30 am - 5 pm Sat: 8:30 am - 12 pm Sun: Closed ","https://centurynationalbank.com/locations/page/12/?place&latitude&longitude&type=location#038;latitude&longitude&type=location"
"https://www.centurynationalbank.com","Athens Office Century National Bank","898 East State Street","Athens","OH","45701","US","499","740-593-7756","BranchATMDrive Thru","39.337301","-82.071323","Drive-Thru Hours:Mon: 8 am - 5 pm Tue: 8 am - 5 pm Wed: 8 am - 5 pm Thu: 8 am - 5 pm Fri: 8 am - 5:30 pm Sat: 8 am - 12 pm Sun: Closed ","https://centurynationalbank.com/locations/page/12/?place&latitude&longitude&type=location#038;latitude&longitude&type=location"
"https://www.centurynationalbank.com","Reynoldsburg Kroger ATM Park National Bank","6962 East Main Street","Reynoldsburg","OH","43068","US","7366","<MISSING>","ATM Only","39.956394","-82.810725","Lobby Hours:Mon: 9 am - 5 pm Tue: 9 am - 5 pm Wed: 9 am - 5 pm Thu: 9 am - 5 pm Fri: 9 am - 6 pm Sat: 9 am - 12 pm Sun: Closed ","https://centurynationalbank.com/locations/page/12/?place&latitude&longitude&type=location#038;latitude&longitude&type=location"
"https://www.centurynationalbank.com","Canal Winchester Office Fairfield National Bank","6195 Gender Road","Canal Winchester","OH","43110","US","476","614-920-2454","BranchATMExtended Hours","39.846656","-82.812365","Lobby Hours:Mon: 9 am - 6 pm Tue: 9 am - 6 pm Wed: 9 am - 6 pm Thu: 9 am - 6 pm Fri: 9 am - 6 pm Sat: 9 am - 1 pm Sun: Closed ","https://centurynationalbank.com/locations/page/13/?place&latitude&longitude&type=location#038;latitude&longitude&type=location"
"https://www.centurynationalbank.com","Centerburg Office First-Knox National Bank","35 West Main Street","Centerburg","OH","43011","US","507","740-625-6136","Safe Deposit BoxBranchATMDrive Thru","40.303784","-82.696793","Lobby Hours:Mon: 8:30 am - 4:30 pm Tue: 8:30 am - 4:30 pm Wed: 8:30 am - 4:30 pm Thu: 8:30 am - 4:30 pm Fri: 8:30 am - 5:30 pm Sat: 8:30 am - 12 pm Sun: Closed ","https://centurynationalbank.com/locations/page/13/?place&latitude&longitude&type=location#038;latitude&longitude&type=location"
"https://www.centurynationalbank.com","Gahanna Kroger Office Park National Bank","1365 Stoneridge Drive","Gahanna","OH","43230","US","466","614-475-5213","BranchATMExtended Hours","40.053265","-82.865702","Drive-Thru Hours:Mon: 8:30 am - 5 pm Tue: 8:30 am - 5 pm Wed: 8:30 am - 5 pm Thu: 8:30 am - 5 pm Fri: 8:30 am - 5:30 pm Sat: 8:30 am - 12 pm Sun: Closed ","https://centurynationalbank.com/locations/page/13/?place&latitude&longitude&type=location#038;latitude&longitude&type=location"
"https://www.centurynationalbank.com","Fredericktown Office First-Knox National Bank","137 North Main Street","Fredericktown","OH","43019","US","509","740-694-2035","Safe Deposit BoxBranchATMDrive Thru","40.483046","-82.543649","Lobby Hours:Mon: 10 am - 7 pm Tue: 10 am - 7 pm Wed: 10 am - 7 pm Thu: 10 am - 7 pm Fri: 10 am - 7 pm Sat: 10 am - 1 pm Sun: Closed ","https://centurynationalbank.com/locations/page/13/?place&latitude&longitude&type=location#038;latitude&longitude&type=location"
"https://www.centurynationalbank.com","Stake’s Short Stop ATM First-Knox National Bank","3052 St Rt. 3","Loudonville","OH","44842","US","4590","<MISSING>","ATM Only","40.618639","-82.250961","Lobby Hours:Mon: 8:30 am - 4:30 pm Tue: 8:30 am - 4:30 pm Wed: 8:30 am - 4:30 pm Thu: 8:30 am - 4:30 pm Fri: 8:30 am - 5:30 pm Sat: 8:30 am - 12 pm Sun: Closed ","https://centurynationalbank.com/locations/page/13/?place&latitude&longitude&type=location#038;latitude&longitude&type=location"
"https://www.centurynationalbank.com","New Philadelphia Lending Center Century National Bank","1309 4th Street NW, Suite B","New Philadelphia","OH","44663","US","503","330-681-7000","Safe Deposit BoxBranchATMDrive Thru","40.507004","-81.450886","Lobby Hours:Mon: 9 am - 5 pm Tue: 9 am - 5 pm Wed: 9 am - 5 pm Thu: 9 am - 5 pm Fri: 9 am - 5 pm Sat: Closed Sun: Closed ","https://centurynationalbank.com/locations/page/14/?place&latitude&longitude&type=location#038;latitude&longitude&type=location"
"https://www.centurynationalbank.com","Loudonville Office First-Knox National Bank","120 North Water Street","Loudonville","OH","44842","US","515","419-994-4115","Safe Deposit BoxBranchATM","40.636114","-82.234915","Lobby Hours:Mon: 8:30 am - 5 pm Tue: 8:30 am - 5 pm Wed: 8:30 pm - 5 pm Thu: 8:30 am - 5 pm Fri: 8:30 am - 5:30 pm Sat: 8:30 pm - 12 pm Sun: Closed ","https://centurynationalbank.com/locations/page/14/?place&latitude&longitude&type=location#038;latitude&longitude&type=location"
"https://www.centurynationalbank.com","Butler Office Richland Bank","85 North Main Street","Butler","OH","44822","US","479","419-883-3291","Safe Deposit BoxBranchATMDrive Thru","40.589666","-82.42669","Drive-Thru Hours:Mon: 8 am - 5 pm Tue: 8 am - 5 pm Wed: 8 am - 5 pm Thu: 8 am - 5 pm Fri: 8 am - 5:30 pm Sat: 8 am - 12 pm Sun: Closed ","https://centurynationalbank.com/locations/page/14/?place&latitude&longitude&type=location#038;latitude&longitude&type=location"
"https://www.centurynationalbank.com","Perrysville Office First-Knox National Bank","112 North Bridge Street","Perrysville","OH","44864","US","516","419-938-5622","Branch","40.657751","-82.310266","Lobby Hours:Mon: 9 am - 5 pm Tue: 9 am - 5 pm Wed: 9 am - 5 pm Thu: 9 am - 5 pm Fri: 9 am - 5:30 pm Sat: 9 am - 12 pm Sun: Closed ","https://centurynationalbank.com/locations/page/14/?place&latitude&longitude&type=location#038;latitude&longitude&type=location"
"https://www.centurynationalbank.com","Downtown Columbus Office Park National Bank","140 East Town Street, Suite 1400","Columbus","OH","43215","US","463","614-228-0063","FacebookTwitter","39.959328","-82.995838","Lobby Hours:Mon: 8:30 am - 12 pm Tue: 8:30 am - 12 pm Wed: Closed Thu: 8:30 am - 12 pm Fri: 8:30 am - 5 pm Sat: 8:30 am - 12 pm Sun: Closed ","https://centurynationalbank.com/locations/page/14/?place&latitude&longitude&type=location#038;latitude&longitude&type=location"
"https://www.centurynationalbank.com","Bellville Office First-Knox National Bank","154 Main Street","Bellville","OH","44813","US","513","419-886-3711","Safe Deposit BoxBranchATMDrive Thru","40.619349","-82.511678","Lobby Hours:Mon: 8:30 am - 4:30 pm Tue: 8:30 am - 4:30 pm Wed: 8:30 am - 4:30 pm Thu: 8:30 am - 4:30 pm Fri: 8:30 am - 5:30 pm Sat: 8:30 am - 12 pm Sun: Closed ","https://centurynationalbank.com/locations/page/15/?place&latitude&longitude&type=location#038;latitude&longitude&type=location"
"https://www.centurynationalbank.com","Worthington Office Park National Bank","7140 High Street","Worthington","OH","43085","US","467","614-841-0123","BranchATMDrive Thru","40.106804","-83.016753","Drive-Thru Hours:Mon: 8:30 am - 5 pm Tue: 8:30 am - 5 pm Wed: 8:30 am - 5 pm Thu: 8:30 am - 5 pm Fri: 8:30 am - 5:30 pm Sat: 8:30 am - 12 pm Sun: Closed ","https://centurynationalbank.com/locations/page/15/?place&latitude&longitude&type=location#038;latitude&longitude&type=location"
"https://www.centurynationalbank.com","Lexington Office Richland Bank","276 East Main Street","Lexington","OH","44904","US","486","419-884-1054","Safe Deposit BoxBranchATMDrive Thru","40.679612","-82.573077","Lobby Hours:Mon: 9 am - 5 pm Tue: 9 am - 5 pm Wed: 9 am - 5 pm Thu: 9 am - 5 pm Fri: 9 am - 5 pm Sat: 9 am - 12 pm Sun: Closed ","https://centurynationalbank.com/locations/page/15/?place&latitude&longitude&type=location#038;latitude&longitude&type=location"
