"page_url","location_name","street_address","city","state","zip","country_code","store_number","phone","location_type","latitude","longitude","locator_domain","hours_of_operation","raw_address","record_id"
"https://www.ditchwitch.com/find-a-dealer","DITCH WITCH CEA","230 – 232 WELSHPOOL ROAD","Welshpool","<MISSING>","6106","AU","2248","+61 8.9259.7003","<MISSING>","<MISSING>","<MISSING>","http://ditchwitch.com/","mon: 7:00 AM - 7:00 AM; tue: 7:00 AM - 7:00 AM; wed: 7:00 AM - 7:00 AM; fri: 7:00 AM - 7:00 AM; sat: Closed - Closed; sun: Closed - Closed","<MISSING>","store_number"
"https://www.ditchwitch.com/find-a-dealer","DITCH WITCH CEA","260 Cormack Road","WINGFIELD","<MISSING>","5013","AU","2247","+61 8.8260.7911","<MISSING>","<MISSING>","<MISSING>","http://ditchwitch.com/","mon: 7:00 AM - 7:00 AM; tue: 7:00 AM - 7:00 AM; wed: 7:00 AM - 7:00 AM; fri: 7:00 AM - 7:00 AM; sat: Closed - Closed; sun: Closed - Closed","<MISSING>","store_number"
"https://www.ditchwitch.com/find-a-dealer","DITCH WITCH CEA","109 MEROLA WAY","CAMPBELLFIELD","<MISSING>","3061","AU","2246","+61 3.8301.4401","<MISSING>","<MISSING>","<MISSING>","http://ditchwitch.com/","mon: 7:00 AM - 7:00 AM; tue: 7:00 AM - 7:00 AM; wed: 7:00 AM - 7:00 AM; fri: 7:00 AM - 7:00 AM; sat: Closed - Closed; sun: Closed - Closed","<MISSING>","store_number"
"https://www.ditchwitch.com/find-a-dealer","DITCH WITCH CEA","Lot 6 Skyline Crescent","Horningsea Park","<MISSING>","2171","AU","2240","+61 2.9838 5000","<MISSING>","<MISSING>","<MISSING>","http://ditchwitch.com/","mon: 7:00 AM - 7:00 AM; tue: 7:00 AM - 7:00 AM; wed: 7:00 AM - 7:00 AM; fri: 7:00 AM - 7:00 AM; sat: Closed - Closed; sun: Closed - Closed","<MISSING>","store_number"
"https://www.ditchwitch.com/find-a-dealer","DITCH WITCH CEA","11 KILN ST","DARRA","<MISSING>","4076","AU","2249","+61 7.3715.3200","<MISSING>","<MISSING>","<MISSING>","http://ditchwitch.com/","mon: 7:00 AM - 7:00 AM; tue: 7:00 AM - 7:00 AM; wed: 7:00 AM - 7:00 AM; fri: 7:00 AM - 7:00 AM; sat: Closed - Closed; sun: Closed - Closed","<MISSING>","store_number"
"https://www.ditchwitch.com/find-a-dealer","TECMECO","Calle 94A No.11A-32 Ofic 205","BOGOTA","<MISSING>","110221","CO","2587","57.1.6263244","<MISSING>","<MISSING>","<MISSING>","http://ditchwitch.com/","mon: 08:00 AM - 08:00 AM; tue: 08:00 AM - 08:00 AM; wed: 08:00 AM - 08:00 AM; fri: 08:00 AM - 08:00 AM; sat: Closed - Closed; sun: Closed - Closed","<MISSING>","store_number"
"https://www.ditchwitch.com/find-a-dealer","USAE (MALAYSIA) SDN. BHD.","NO. 8, JALAN UTAMA 1/12 TAMAN PERINDUSTRIAN PUCHONG UT","PUCHONG SELANGOR DARUL EH","<MISSING>","47100","MY","2335","60 3 806 0 6533","<MISSING>","<MISSING>","<MISSING>","http://ditchwitch.com/","mon: 9:00 AM - 9:00 AM; tue: 9:00 AM - 9:00 AM; wed: 9:00 AM - 9:00 AM; fri: 9:00 AM - 9:00 AM; sat: 9:00 AM - 9:00 AM; sun: Closed - Closed","<MISSING>","store_number"
"https://www.ditchwitch.com/find-a-dealer","MAATS INSAAT MAKINALARI TICARET LTD. STI.","UZAYCAGI CADDESI NO: 7 YENIMAHALLE","OSTIM/ANKARA","<MISSING>","6374","TR","2669","+90 312 354 33 70","<MISSING>","<MISSING>","<MISSING>","http://ditchwitch.com/","mon: 8:30 AM - 8:30 AM; tue: 8:30 AM - 8:30 AM; wed: 8:30 AM - 8:30 AM; fri: 8:30 AM - 8:30 AM; sat: Closed - Closed; sun: Closed - Closed","<MISSING>","store_number"
"https://www.ditchwitch.com/find-a-dealer","INFRASTRUCTURE EQUIPMENT AND SERVICE INC.","Warehouse 3 Unit 5D Pillar Pilar Road Corner Rose Avenue","Las Pinas City","<MISSING>","1750","PH","2355","63 276166968","<MISSING>","<MISSING>","<MISSING>","http://ditchwitch.com/","mon: 10:00 AM - 10:00 AM; tue: 10:00 AM - 10:00 AM; wed: 10:00 AM - 10:00 AM; fri: 10:00 AM - 10:00 AM; sat: 10:00 AM - 10:00 AM; sun: Closed - Closed","<MISSING>","store_number"
"https://www.ditchwitch.com/find-a-dealer","USAE (Thailand) Co., Ltd.","131/79 Soi Phaholyothin 52 Yaek 42 (Samphan Villa 1) Phaholyothin Road, Klong Thanon","BANGKOK","<MISSING>","10220","TH","2334","11 662 973 9113","<MISSING>","<MISSING>","<MISSING>","http://ditchwitch.com/","mon: 8:30 AM - 8:30 AM; tue: 8:30 AM - 8:30 AM; wed: 8:30 AM - 8:30 AM; fri: 8:30 AM - 8:30 AM; sat: Closed - Closed; sun: Closed - Closed","<MISSING>","store_number"
"https://www.ditchwitch.com/find-a-dealer","USAE PTE LTD","48 TOH GUAN ROAD EAST #03-97 ENTERPRISE HUB","SINGAPORE","<MISSING>","608586","SG","2196","65 6865 3964","<MISSING>","<MISSING>","<MISSING>","http://ditchwitch.com/","mon: 8:30 AM - 8:30 AM; tue: 8:30 AM - 8:30 AM; wed: 8:30 AM - 8:30 AM; fri: 8:30 AM - 8:30 AM; sat: Closed - Closed; sun: Closed - Closed","<MISSING>","store_number"
"https://www.ditchwitch.com/find-a-dealer","DITCH WITCH OF THE BALTICS","V. SIROKOMLES 44A-1, NEMEZIS","VILNIUS","<MISSING>","13260","LT","2304","370 521 33 414","<MISSING>","<MISSING>","<MISSING>","http://ditchwitch.com/","mon: 8:00 AM - 8:00 AM; tue: 8:00 AM - 8:00 AM; wed: 8:00 AM - 8:00 AM; fri: 8:00 AM - 8:00 AM; sat: Closed - Closed; sun: Closed - Closed","<MISSING>","store_number"
"https://www.ditchwitch.com/find-a-dealer","DITCH WITCH MIDDLE EAST","CEDARS ROAD DARCHMEZZINE","EL KOURA","<MISSING>","5520","LB","2277","961 6 952 440","<MISSING>","<MISSING>","<MISSING>","http://ditchwitch.com/","mon: 8:00 AM - 8:00 AM; tue: 8:00 AM - 8:00 AM; wed: 8:00 AM - 8:00 AM; fri: 8:00 AM - 8:00 AM; sat: 8:00 AM - 8:00 AM; sun: 8:00 AM - 8:00 AM","<MISSING>","store_number"
"https://www.ditchwitch.com/find-a-dealer","3K GROUNDBREAKING, S.R.O.","TVAROZNA 379","Tvarozna","<MISSING>","664 05","CZ","2757","420 724 371 552","<MISSING>","<MISSING>","<MISSING>","http://ditchwitch.com/","mon: 8:00 AM - 8:00 AM; tue: 8:00 AM - 8:00 AM; wed: 8:00 AM - 8:00 AM; fri: 8:00 AM - 8:00 AM; sat: Closed - Closed; sun: Closed - Closed","<MISSING>","store_number"
"https://www.ditchwitch.com/find-a-dealer","DITCH WITCH BENELUX","MOLENSTEYN 42 POSTBUS 228, 3990 GA, HOUTEN","DE MEERN","<MISSING>","3454 PT","NL","2168","31 30 639.4615","<MISSING>","<MISSING>","<MISSING>","http://ditchwitch.com/","mon: 7:30 AM - 7:30 AM; tue: 7:30 AM - 7:30 AM; wed: 7:30 AM - 7:30 AM; fri: 7:30 AM - 7:30 AM; sat: Closed - Closed; sun: Closed - Closed","<MISSING>","store_number"
"https://www.ditchwitch.com/find-a-dealer","ELB EQUIPMENT LTD.","14A ATLAS RD","ANDERBOLT","<MISSING>","1459","ZA","1852","27 11 306.0700","<MISSING>","<MISSING>","<MISSING>","http://ditchwitch.com/","mon: 08:00 AM - 08:00 AM; tue: 08:00 AM - 08:00 AM; wed: 08:00 AM - 08:00 AM; fri: 08:00 AM - 08:00 AM; sat: Closed - Closed; sun: Closed - Closed","<MISSING>","store_number"
"https://www.ditchwitch.com/find-a-dealer","JLM","FLINTYXEGATAN 8","MALMO","<MISSING>","213 76","SE","1776","+46 40 671 14 80","<MISSING>","<MISSING>","<MISSING>","http://ditchwitch.com/","mon: 8:00 AM - 8:00 AM; tue: 8:00 AM - 8:00 AM; wed: 8:00 AM - 8:00 AM; fri: 8:00 AM - 8:00 AM; sat: Closed - Closed; sun: Closed - Closed","<MISSING>","store_number"
"https://www.ditchwitch.com/find-a-dealer","DEFIGO LTD.","Kiril Grigorov Str","Busmantsi","<MISSING>","1520","BG","2763","359 08 84389595","<MISSING>","<MISSING>","<MISSING>","http://ditchwitch.com/","mon: 9:00 AM - 9:00 AM; tue: 9:00 AM - 9:00 AM; wed: 9:00 AM - 9:00 AM; fri: 9:00 AM - 9:00 AM; sat: Closed - Closed; sun: Closed - Closed","<MISSING>","store_number"
"https://www.ditchwitch.com/find-a-dealer","JLM","13 KAUNASKA STR.","KIEV","<MISSING>","2160","UA","2408","38 044 503 7764","<MISSING>","<MISSING>","<MISSING>","http://ditchwitch.com/","mon: 9:00 AM - 9:00 AM; tue: 9:00 AM - 9:00 AM; wed: 9:00 AM - 9:00 AM; fri: 9:00 AM - 9:00 AM; sat: Closed - Closed; sun: Closed - Closed","<MISSING>","store_number"
"https://www.ditchwitch.com/find-a-dealer","Ditch Witch CEA","60B Enterprise Drive","Papamoa","<MISSING>","3118","NZ","3089","09 570 1002","<MISSING>","<MISSING>","<MISSING>","http://ditchwitch.com/","mon: 07:00 AM - 07:00 AM; tue: 07:00 AM - 07:00 AM; wed: 07:00 AM - 07:00 AM; fri: 07:00 AM - 07:00 AM; sat: 07:00 AM - 07:00 AM; sun: 07:00 AM - 07:00 AM","<MISSING>","store_number"
"https://www.ditchwitch.com/find-a-dealer","DITCH WITCH CEA","96 Gavin Street","MT WELLINGTON","<MISSING>","1060","NZ","2742","09 570 1002","<MISSING>","<MISSING>","<MISSING>","http://ditchwitch.com/","mon: 8:00 AM - 8:00 AM; tue: 8:00 AM - 8:00 AM; wed: 8:00 AM - 8:00 AM; fri: 8:00 AM - 8:00 AM; sat: Closed - Closed; sun: Closed - Closed","<MISSING>","store_number"
"https://www.ditchwitch.com/find-a-dealer","RIEGOS PROGRAMADOS S.L.","C/ ANTONIO ARAGUAS  9 POLIGONO EUROPOLIS","LAS ROZAS","<MISSING>","28232","ES","2059","+34 916376706","<MISSING>","<MISSING>","<MISSING>","http://ditchwitch.com/","mon: 08:00 AM - 08:00 AM; tue: 08:00 AM - 08:00 AM; wed: 08:00 AM - 08:00 AM; fri: 08:00 AM - 08:00 AM; sat: Closed - Closed; sun: Closed - Closed","<MISSING>","store_number"
"https://www.ditchwitch.com/find-a-dealer","JLM","STARA IWICZNA UL. SLONECZNA 42A","PIASECZNO","<MISSING>","05-500","PL","2179","48 22 715 83 38","<MISSING>","<MISSING>","<MISSING>","http://ditchwitch.com/","mon: 8:00 AM - 8:00 AM; tue: 8:00 AM - 8:00 AM; wed: 8:00 AM - 8:00 AM; fri: 8:00 AM - 8:00 AM; sat: Closed - Closed; sun: Closed - Closed","<MISSING>","store_number"
"https://www.ditchwitch.com/find-a-dealer","DITCH WITCH OF RUSSIA","Avtomotornaya Street, 4A, Building 1, Location 1, Floor 1, Room 16-18","MOSCOW","<MISSING>","125438","RU","2266","7 495 637 6622","<MISSING>","<MISSING>","<MISSING>","http://ditchwitch.com/","mon: 8:45 AM - 8:45 AM; tue: 8:45 AM - 8:45 AM; wed: 8:45 AM - 8:45 AM; fri: 8:45 AM - 8:45 AM; sat: Closed - Closed; sun: Closed - Closed","<MISSING>","store_number"
"https://www.ditchwitch.com/find-a-dealer","COMINSA","AVE. BRAVO #5945 OTE. COL. SAN FELIPE","TORREON","<MISSING>","27085","MX","3078","871 169 2095","<MISSING>","<MISSING>","<MISSING>","http://ditchwitch.com/","<MISSING>","<MISSING>","store_number"
"https://www.ditchwitch.com/find-a-dealer","COMINSA","AVE. H COLEGIO MILITAR 2000-B","PIEDRAS NEGRAS","<MISSING>","26010","MX","3077","878 783 8215","<MISSING>","<MISSING>","<MISSING>","http://ditchwitch.com/","<MISSING>","<MISSING>","store_number"
"https://www.ditchwitch.com/find-a-dealer","DITCH WITCH","1959 WEST FIR AVE.","Perry","OK","73077","US","1825","580.336.4402","<MISSING>","<MISSING>","<MISSING>","http://ditchwitch.com/","mon: 7:00 AM - 7:00 AM; tue: 7:00 AM - 7:00 AM; wed: 7:00 AM - 7:00 AM; fri: 7:00 AM - 7:00 AM; sat: Closed - Closed; sun: Closed - Closed","<MISSING>","store_number"
"https://www.ditchwitch.com/find-a-dealer","COMINSA","INDUSTRIA VINCOLA #288 COL PARQUE IND EL COLLI GUADELUPE","ZAPOPAN","<MISSING>","45069","MX","3087","331 654 1240","<MISSING>","<MISSING>","<MISSING>","http://ditchwitch.com/","<MISSING>","<MISSING>","store_number"
"https://www.ditchwitch.com/find-a-dealer","LOWATSCHEK & REGNER K.G.","Gewerbestrasse 3 Industriezentrum N╓ SD II, Objekt N13","WIENER NEUDORF","<MISSING>","2351","AT","1690","+43 2236 64657","<MISSING>","<MISSING>","<MISSING>","http://ditchwitch.com/","mon: 7:00 AM - 7:00 AM; tue: 7:00 AM - 7:00 AM; wed: 7:00 AM - 7:00 AM; fri: 7:00 AM - 7:00 AM; sat: Closed - Closed; sun: Closed - Closed","<MISSING>","store_number"
"https://www.ditchwitch.com/find-a-dealer","BRANDT TRACTOR LTD.","4505 55TH STREET","FORT NELSON","<MISSING>","V0C1R0","CA","2388","250.774.4725","<MISSING>","<MISSING>","<MISSING>","http://ditchwitch.com/","<MISSING>","<MISSING>","store_number"
"https://www.ditchwitch.com/find-a-dealer","BRANDT TRACTOR LTD.","102-5221 KEITH AVE.","TERRACE","<MISSING>","V8G 1L2","CA","2988","250.615.4150","<MISSING>","<MISSING>","<MISSING>","http://ditchwitch.com/","<MISSING>","<MISSING>","store_number"
"https://www.ditchwitch.com/find-a-dealer","BRANDT TRACTOR LTD.","2905 TATLOW ROAD BOX 280","SMITHERS","<MISSING>","V0J 2N0","CA","2397","250.847.3236","<MISSING>","<MISSING>","<MISSING>","http://ditchwitch.com/","<MISSING>","<MISSING>","store_number"
"https://www.ditchwitch.com/find-a-dealer","BRANDT TRACTOR LTD.","BOX 6610, MILE 48, ALASKA HWY","FORT ST. JOHN","<MISSING>","V1J 4J1","CA","2389","250.785.6762","<MISSING>","<MISSING>","<MISSING>","http://ditchwitch.com/","<MISSING>","<MISSING>","store_number"
"https://www.ditchwitch.com/find-a-dealer","BRANDT TRACTOR LTD.","1049 GREAT STREET BCR INDUSTRIAL PARK","PRINCE GEORGE","<MISSING>","V2N 2K8","CA","2394","250.562.1151","<MISSING>","<MISSING>","<MISSING>","http://ditchwitch.com/","<MISSING>","<MISSING>","store_number"
"https://www.ditchwitch.com/find-a-dealer","BRANDT TRACTOR LTD.","7301-102ND STREET","CLAIRMONT","<MISSING>","T8X 5A7","CA","2390","780.532.3414","<MISSING>","<MISSING>","<MISSING>","http://ditchwitch.com/","<MISSING>","<MISSING>","store_number"
"https://www.ditchwitch.com/find-a-dealer","BRANDT TRACTOR LTD.","RR #2, COMP 23 4610 MCRAE STREET","WILLIAMS LAKE","<MISSING>","V2G 5E9","CA","2401","250.392.2901","<MISSING>","<MISSING>","<MISSING>","http://ditchwitch.com/","<MISSING>","<MISSING>","store_number"
"https://www.ditchwitch.com/find-a-dealer","BRANDT TRACTOR LTD.","1821 14TH AVENUE, S.E.","CAMPBELL RIVER","<MISSING>","V9W 4H9","CA","2383","250.286.0614","<MISSING>","<MISSING>","<MISSING>","http://ditchwitch.com/","<MISSING>","<MISSING>","store_number"
"https://www.ditchwitch.com/find-a-dealer","BRANDT TRACTOR LTD.","#5 - 360 MACKENZIE BOULEVARD","FORT MCMURRAY","<MISSING>","T9H 4C4","CA","2387","780.791.6635","<MISSING>","<MISSING>","<MISSING>","http://ditchwitch.com/","<MISSING>","<MISSING>","store_number"
"https://www.ditchwitch.com/find-a-dealer","BRANDT TRACTOR LTD.","499 CHILCOTIN ROAD","KAMLOOPS","<MISSING>","V2H 1G4","CA","2391","250.374.2115","<MISSING>","<MISSING>","<MISSING>","http://ditchwitch.com/","<MISSING>","<MISSING>","store_number"
"https://www.ditchwitch.com/find-a-dealer","BRANDT TRACTOR LTD.","1830 SCHOOLHOUSE ROAD","NANAIMO","<MISSING>","V9X 1T4","CA","2393","250.754.7735","<MISSING>","<MISSING>","<MISSING>","http://ditchwitch.com/","<MISSING>","<MISSING>","store_number"
"https://www.ditchwitch.com/find-a-dealer","BRANDT TRACTOR LTD.","9500 - 190TH STREET","SURREY","<MISSING>","V4N 3S2","CA","2398","604.882.8888","<MISSING>","<MISSING>","<MISSING>","http://ditchwitch.com/","<MISSING>","<MISSING>","store_number"
"https://www.ditchwitch.com/find-a-dealer","BRANDT TRACTOR LTD.","10630 - 176 STREET","EDMONTON","<MISSING>","T5S 1M2","CA","2386","780.484.6613","<MISSING>","<MISSING>","<MISSING>","http://ditchwitch.com/","<MISSING>","<MISSING>","store_number"
"https://www.ditchwitch.com/find-a-dealer","BRANDT TRACTOR LTD.","3104 - 48TH AVENUE","VERNON","<MISSING>","V1T 3R6","CA","2399","250.545.2188","<MISSING>","<MISSING>","<MISSING>","http://ditchwitch.com/","<MISSING>","<MISSING>","store_number"
"https://www.ditchwitch.com/find-a-dealer","BRANDT TRACTOR LTD.","6792 KIRKPATRICK CRESCENT","SAANICHTON","<MISSING>","V8M 1Z9","CA","2400","250.652.2544","<MISSING>","<MISSING>","<MISSING>","http://ditchwitch.com/","<MISSING>","<MISSING>","store_number"
"https://www.ditchwitch.com/find-a-dealer","BRANDT TRACTOR LTD.","101 BURNT PARK DRIVE","RED DEER","<MISSING>","T4P 0J7","CA","2395","403.343.7557","<MISSING>","<MISSING>","<MISSING>","http://ditchwitch.com/","<MISSING>","<MISSING>","store_number"
"https://www.ditchwitch.com/find-a-dealer","BRANDT TRACTOR LTD.","10121 BARLOW TRAIL N.E.","CALGARY","<MISSING>","T3J 3C6","CA","2762","780.484.6613","<MISSING>","<MISSING>","<MISSING>","http://ditchwitch.com/","<MISSING>","<MISSING>","store_number"
"https://www.ditchwitch.com/find-a-dealer","BRANDT TRACTOR LTD.","10121 BARLOW TRAIL NE","CALGARY","<MISSING>","T3J 3C6","CA","2382","403.248.0018","<MISSING>","<MISSING>","<MISSING>","http://ditchwitch.com/","<MISSING>","<MISSING>","store_number"
"https://www.ditchwitch.com/find-a-dealer","BRANDT TRACTOR LTD.","4130 MINTO ROAD","CASTLEGAR","<MISSING>","V1N 4C1","CA","2384","250.365.6747","<MISSING>","<MISSING>","<MISSING>","http://ditchwitch.com/","<MISSING>","<MISSING>","store_number"
"https://www.ditchwitch.com/find-a-dealer","BRANDT TRACTOR LTD.","604 INDUSTRIAL ROAD #3","CRANBROOK","<MISSING>","V1C 4V2","CA","2385","250.426.3400","<MISSING>","<MISSING>","<MISSING>","http://ditchwitch.com/","<MISSING>","<MISSING>","store_number"
"https://www.ditchwitch.com/find-a-dealer","BRANDT TRACTOR LTD.","800 60TH STREET WEST","SASKATOON","<MISSING>","S7K 3N2","CA","2396","306.664.4141","<MISSING>","<MISSING>","<MISSING>","http://ditchwitch.com/","<MISSING>","<MISSING>","store_number"
"https://www.ditchwitch.com/find-a-dealer","BRANDT TRACTOR LTD.","HWY 1 EAST BOX 3856","REGINA","<MISSING>","S4P 3R8","CA","2381","306.791.7777","<MISSING>","<MISSING>","<MISSING>","http://ditchwitch.com/","<MISSING>","<MISSING>","store_number"
"https://www.ditchwitch.com/find-a-dealer","BRANDT TRACTOR LTD.","3700 MCGILLIVARY BLVD.","WINNIPEG","<MISSING>","R3T 5S3","CA","2402","204.231.2333","<MISSING>","<MISSING>","<MISSING>","http://ditchwitch.com/","<MISSING>","<MISSING>","store_number"
"https://www.ditchwitch.com/find-a-dealer","BRANDT TRACTOR LTD.","8035 ESQUESING LINE","MILTON","<MISSING>","L9T 5C8","CA","2392","905.693.0771","<MISSING>","<MISSING>","<MISSING>","http://ditchwitch.com/","<MISSING>","<MISSING>","store_number"
"https://www.ditchwitch.com/find-a-dealer","BRANDT TRACTOR LTD.","3338 Rte 134","BATHURST","<MISSING>","E2A 4H7","CA","2867","506.546.6614","<MISSING>","<MISSING>","<MISSING>","http://ditchwitch.com/","<MISSING>","<MISSING>","store_number"
"https://www.ditchwitch.com/find-a-dealer","BRANDT TRACTOR LTD.","25 GILLIS ROAD","FREDERICTON","<MISSING>","E3C 2G3","CA","2863","506.458.8380","<MISSING>","<MISSING>","<MISSING>","http://ditchwitch.com/","<MISSING>","<MISSING>","store_number"
"https://www.ditchwitch.com/find-a-dealer","BRANDT TRACTOR LTD.","190 URQUHART AVE.","MONCTON","<MISSING>","E1H 2R5","CA","2864","506.859.4000","<MISSING>","<MISSING>","<MISSING>","http://ditchwitch.com/","<MISSING>","<MISSING>","store_number"
"https://www.ditchwitch.com/find-a-dealer","BRANDT TRACTOR LTD.","60 SYMONDS ROAD","BEDFORD","<MISSING>","B4B 1H3","CA","2868","902.835.7474","<MISSING>","<MISSING>","<MISSING>","http://ditchwitch.com/","<MISSING>","<MISSING>","store_number"
"https://www.ditchwitch.com/find-a-dealer","BRANDT TRACTOR LTD.","667 KELTIC DRIVE","SYDNEY","<MISSING>","B1L 1B6","CA","2869","902.564.7474","<MISSING>","<MISSING>","<MISSING>","http://ditchwitch.com/","<MISSING>","<MISSING>","store_number"
"https://www.ditchwitch.com/find-a-dealer","DITCH WITCH OF HAWAII","91-185 KAOMI LOOP (WAREHOUSE ONLY, NO MAIL)","KAPOLEI","<MISSING>","96707","US","2107","800.544.0992","<MISSING>","<MISSING>","<MISSING>","http://ditchwitch.com/","mon: 07:00 AM - 07:00 AM; tue: 07:00 AM - 07:00 AM; wed: 07:00 AM - 07:00 AM; fri: 07:00 AM - 07:00 AM; sat: Closed - Closed; sun: Closed - Closed","<MISSING>","store_number"
"https://www.ditchwitch.com/find-a-dealer","Ditch Witch of U.A.E and Saudi Arabia","Buidling NO. 6692, King Faysal Road, Ar Rakah Al Janubiyah District","Al Kohbar","<MISSING>","05080","SA","2491","011 966 3 887 9441","<MISSING>","<MISSING>","<MISSING>","http://ditchwitch.com/","<MISSING>","<MISSING>","store_number"
"https://www.ditchwitch.com/find-a-dealer","DITCH WITCH OF ALASKA","1800 WEST 47TH AVENUE","ANCHORAGE","AK","99517","US","1732","907.248.0010","<MISSING>","<MISSING>","<MISSING>","http://ditchwitch.com/","mon: 08:00 AM - 08:00 AM; tue: 08:00 AM - 08:00 AM; wed: 08:00 AM - 08:00 AM; fri: 08:00 AM - 08:00 AM; sat: Closed - Closed; sun: Closed - Closed","<MISSING>","store_number"
"https://www.ditchwitch.com/find-a-dealer","TRADERMAC CORPORATION","1566 NW 82 AVENUE","DORAL","FL","33126","US","2376","786 235.2722","<MISSING>","<MISSING>","<MISSING>","http://ditchwitch.com/","<MISSING>","<MISSING>","store_number"
"https://www.ditchwitch.com/find-a-dealer","DITCH WITCH WEST","929 STILLWATER ROAD","WEST SACRAMENTO","CA","95605-1615","US","3094","916.371.6000","<MISSING>","<MISSING>","<MISSING>","http://ditchwitch.com/","mon: 7:30 AM - 7:30 AM; tue: 7:30 AM - 7:30 AM; wed: 7:30 AM - 7:30 AM; fri: 7:30 AM - 7:30 AM; sat: Closed - Closed; sun: Closed - Closed","<MISSING>","store_number"
"https://www.ditchwitch.com/find-a-dealer","DITCH WITCH WEST","8240 ENTERPRISE DRIVE","NEWARK","CA","94560-3306","US","3068","510.657.5722","<MISSING>","<MISSING>","<MISSING>","http://ditchwitch.com/","mon: 7:00 AM - 7:00 AM; tue: 7:00 AM - 7:00 AM; wed: 7:00 AM - 7:00 AM; fri: 7:00 AM - 7:00 AM; sat: Closed - Closed; sun: Closed - Closed","<MISSING>","store_number"
"https://www.ditchwitch.com/find-a-dealer","DITCH WITCH WEST","1201 EAST 6TH STREET","CORONA","CA","92879-1657","US","3069","951.735.7510","<MISSING>","<MISSING>","<MISSING>","http://ditchwitch.com/","mon: 7:00 AM - 7:00 AM; tue: 7:00 AM - 7:00 AM; wed: 7:00 AM - 7:00 AM; fri: 7:00 AM - 7:00 AM; sat: Closed - Closed; sun: Closed - Closed","<MISSING>","store_number"
"https://www.ditchwitch.com/find-a-dealer","DITCH WITCH WEST","7909 N. UPLAND DRIVE","PORTLAND","OR","97203-6140","US","2305","503.286.6400","<MISSING>","<MISSING>","<MISSING>","http://ditchwitch.com/","mon: 7:00 AM - 7:00 AM; tue: 7:00 AM - 7:00 AM; wed: 7:00 AM - 7:00 AM; fri: 7:00 AM - 7:00 AM; sat: Closed - Closed; sun: Closed - Closed","<MISSING>","store_number"
"https://www.ditchwitch.com/find-a-dealer","DITCH WITCH WEST","7323 EAST MANNING AVENUE","FOWLER","CA","93625-9757","US","3067","559.834.3998","<MISSING>","<MISSING>","<MISSING>","http://ditchwitch.com/","mon: 7:00 AM - 7:00 AM; tue: 7:00 AM - 7:00 AM; wed: 7:00 AM - 7:00 AM; fri: 7:00 AM - 7:00 AM; sat: Closed - Closed; sun: Closed - Closed","<MISSING>","store_number"
"https://www.ditchwitch.com/find-a-dealer","DITCH WITCH WEST","14470 OLDE HWY 80","EL CAJON","CA","92021","US","3070","619.448.0770","<MISSING>","<MISSING>","<MISSING>","http://ditchwitch.com/","mon: 7:00 AM - 7:00 AM; tue: 7:00 AM - 7:00 AM; wed: 7:00 AM - 7:00 AM; fri: 7:00 AM - 7:00 AM; sat: Closed - Closed; sun: Closed - Closed","<MISSING>","store_number"
"https://www.ditchwitch.com/find-a-dealer","DITCH WITCH WEST","12900 48TH AVENUE SOUTH","TUKWILA","WA","98168","US","2341","206.995.8420","<MISSING>","<MISSING>","<MISSING>","http://ditchwitch.com/","mon: 7:00 AM - 7:00 AM; tue: 7:00 AM - 7:00 AM; wed: 7:00 AM - 7:00 AM; fri: 7:00 AM - 7:00 AM; sat: Closed - Closed; sun: Closed - Closed","<MISSING>","store_number"
"https://www.ditchwitch.com/find-a-dealer","DITCH WITCH WEST","4028 SOUTH 36TH STREET","PHOENIX","AZ","85040-1843","US","3224","602.437.0351","<MISSING>","<MISSING>","<MISSING>","http://ditchwitch.com/","mon: 6:30 AM - 6:30 AM; tue: 6:30 AM - 6:30 AM; wed: 6:30 AM - 6:30 AM; fri: 6:30 AM - 6:30 AM; sat: Closed - Closed; sun: Closed - Closed","<MISSING>","store_number"
"https://www.ditchwitch.com/find-a-dealer","DITCH WITCH OF THE ROCKIES","4310 WEST CALIFORNIA AVENUE","SALT LAKE CITY","UT","84104","US","3018","801.974.9600","<MISSING>","<MISSING>","<MISSING>","http://ditchwitch.com/","mon: 7:30 AM - 7:30 AM; tue: 7:30 AM - 7:30 AM; wed: 7:30 AM - 7:30 AM; fri: 7:30 AM - 7:30 AM; sat: Closed - Closed; sun: Closed - Closed","<MISSING>","store_number"
"https://www.ditchwitch.com/find-a-dealer","DITCH WITCH WEST","6975 NORTH CAMINO MARTIN","TUCSON","AZ","85741-2214","US","3225","520.579.0261","<MISSING>","<MISSING>","<MISSING>","http://ditchwitch.com/","mon: 7:00 AM - 7:00 AM; tue: 6:30 AM - 6:30 AM; wed: 6:30 AM - 6:30 AM; fri: 6:30 AM - 6:30 AM; sat: Closed - Closed; sun: Closed - Closed","<MISSING>","store_number"
"https://www.ditchwitch.com/find-a-dealer","DITCH WITCH WEST","5518 E. BROADWAY AVENUE","SPOKANE","WA","99212","US","2989","509.534.0678","<MISSING>","<MISSING>","<MISSING>","http://ditchwitch.com/","mon: 7:00 AM - 7:00 AM; tue: 7:00 AM - 7:00 AM; wed: 7:00 AM - 7:00 AM; fri: 7:00 AM - 7:00 AM; sat: Closed - Closed; sun: Closed - Closed","<MISSING>","store_number"
"https://www.ditchwitch.com/find-a-dealer","DITCH WITCH OF THE ROCKIES","2600 S. LIBERTY STREET","BOISE","ID","83709","US","3019","208.376.8394","<MISSING>","<MISSING>","<MISSING>","http://ditchwitch.com/","mon: 7:30 AM - 7:30 AM; tue: 7:30 AM - 7:30 AM; wed: 7:30 AM - 7:30 AM; fri: 7:30 AM - 7:30 AM; sat: Closed - Closed; sun: Closed - Closed","<MISSING>","store_number"
"https://www.ditchwitch.com/find-a-dealer","DITCH WITCH SOUTHWEST","10033 RAILROAD DRIVE","EL PASO","TX","79924-4339","US","3072","915.821.4477","<MISSING>","<MISSING>","<MISSING>","http://ditchwitch.com/","mon: 7:30 AM - 7:30 AM; tue: 7:30 AM - 7:30 AM; wed: 7:30 AM - 7:30 AM; fri: 7:30 AM - 7:30 AM; sat: Closed - Closed; sun: Closed - Closed","<MISSING>","store_number"
"https://www.ditchwitch.com/find-a-dealer","DITCH WITCH WEST","2220 OLD HARDIN RD","BILLINGS","MT","59101-6145","US","2758","406.252.7667","<MISSING>","<MISSING>","<MISSING>","http://ditchwitch.com/","mon: 7:00 AM - 7:00 AM; tue: 7:00 AM - 7:00 AM; wed: 7:00 AM - 7:00 AM; fri: 7:00 AM - 7:00 AM; sat: Closed - Closed; sun: Closed - Closed","<MISSING>","store_number"
"https://www.ditchwitch.com/find-a-dealer","DITCH WITCH SALES OF NEW MEXICO","2520 COMANCHE ROAD NORTHEAST","ALBUQUERQUE","NM","87107-2227","US","1592","505.345.1888","<MISSING>","<MISSING>","<MISSING>","http://ditchwitch.com/","mon: 07:30 AM - 07:30 AM; tue: 07:30 AM - 07:30 AM; wed: 07:30 AM - 07:30 AM; fri: 07:30 AM - 07:30 AM; sat: 09:00 AM - 09:00 AM; sun: Closed - Closed","<MISSING>","store_number"
"https://www.ditchwitch.com/find-a-dealer","DITCH WITCH OF THE ROCKIES","7160 EUDORA","COMMERCE CITY","CO","80022-1815","US","3017","303.287.7563","<MISSING>","<MISSING>","<MISSING>","http://ditchwitch.com/","mon: 7:30 AM - 7:30 AM; tue: 7:30 AM - 7:30 AM; wed: 7:30 AM - 7:30 AM; fri: 7:30 AM - 7:30 AM; sat: Closed - Closed; sun: Closed - Closed","<MISSING>","store_number"
"https://www.ditchwitch.com/find-a-dealer","DITCH WITCH SOUTHWEST","7801 E INTERSTATE 20","ODESSA","TX","79765","US","2752","432.617.8351","<MISSING>","<MISSING>","<MISSING>","http://ditchwitch.com/","mon: 7:30 AM - 7:30 AM; tue: 7:30 AM - 7:30 AM; wed: 7:30 AM - 7:30 AM; fri: 7:30 AM - 7:30 AM; sat: Closed - Closed; sun: Closed - Closed","<MISSING>","store_number"
"https://www.ditchwitch.com/find-a-dealer","DITCH WITCH SOUTH TEXAS","8010 WESTWAY DRIVE","HARLINGEN","TX","78552","US","2872","956.440.1313","<MISSING>","<MISSING>","<MISSING>","http://ditchwitch.com/","mon: 7:30 AM - 7:30 AM; tue: 7:30 AM - 7:30 AM; wed: 7:30 AM - 7:30 AM; fri: 7:30 AM - 7:30 AM; sat: Closed - Closed; sun: Closed - Closed","<MISSING>","store_number"
"https://www.ditchwitch.com/find-a-dealer","DITCH WITCH OF CENTRAL TEXAS, INC.","16465 INTERSTATE 35 NORTH","SELMA","TX","78154-1247","US","1623","210.651.6393","<MISSING>","<MISSING>","<MISSING>","http://ditchwitch.com/","mon: 07:00 AM - 07:00 AM; tue: 07:00 AM - 07:00 AM; wed: 07:00 AM - 07:00 AM; fri: 07:00 AM - 07:00 AM; sat: Closed - Closed; sun: Closed - Closed","<MISSING>","store_number"
"https://www.ditchwitch.com/find-a-dealer","DITCH WITCH SOUTH TEXAS","337 FLATO RD.","CORPUS CHRISTI","TX","78405","US","2887","361.289.1422","<MISSING>","<MISSING>","<MISSING>","http://ditchwitch.com/","mon: 7:30 AM - 7:30 AM; tue: 7:30 AM - 7:30 AM; wed: 7:30 AM - 7:30 AM; fri: 7:30 AM - 7:30 AM; sat: Closed - Closed; sun: Closed - Closed","<MISSING>","store_number"
"https://www.ditchwitch.com/find-a-dealer","DITCH WITCH SOUTHWEST","7205 OAK AVENUE","LUBBOCK","TX","79404","US","2679","806.745.6866","<MISSING>","<MISSING>","<MISSING>","http://ditchwitch.com/","mon: 7:30 AM - 7:30 AM; tue: 7:30 AM - 7:30 AM; wed: 7:30 AM - 7:30 AM; fri: 7:30 AM - 7:30 AM; sat: Closed - Closed; sun: Closed - Closed","<MISSING>","store_number"
"https://www.ditchwitch.com/find-a-dealer","DITCH WITCH UNDERCON","8418 CANYON DR","AMARILLO","TX","79119-7200","US","1536","806.353.6683","<MISSING>","<MISSING>","<MISSING>","http://ditchwitch.com/","mon: 8:00 AM - 8:00 AM; tue: 8:00 AM - 8:00 AM; wed: 8:00 AM - 8:00 AM; fri: 8:00 AM - 8:00 AM; sat: Closed - Closed; sun: Closed - Closed","<MISSING>","store_number"
"https://www.ditchwitch.com/find-a-dealer","DITCH WITCH OF CENTRAL TEXAS, INC.","14951 IH35 N","BUDA","TX","78610","US","1625","512.837.2766","<MISSING>","<MISSING>","<MISSING>","http://ditchwitch.com/","mon: 07:00 AM - 07:00 AM; tue: 07:00 AM - 07:00 AM; wed: 07:00 AM - 07:00 AM; fri: 07:00 AM - 07:00 AM; sat: Closed - Closed; sun: Closed - Closed","<MISSING>","store_number"
"https://www.ditchwitch.com/find-a-dealer","WITCH EQUIPMENT COMPANY, INC.","1901 E LOOP 820 S","FORT WORTH","TX","76112-7802","US","1472","817.429.4824","<MISSING>","<MISSING>","<MISSING>","http://ditchwitch.com/","mon: 7:30 AM - 7:30 AM; tue: 7:30 AM - 7:30 AM; wed: 7:30 AM - 7:30 AM; fri: 7:30 AM - 7:30 AM; sat: Closed - Closed; sun: Closed - Closed","<MISSING>","store_number"
"https://www.ditchwitch.com/find-a-dealer","DITCH WITCH HOUSTON","14565 NORTH FREEWAY","HOUSTON","TX","77090","US","2506","713.462.8866","<MISSING>","<MISSING>","<MISSING>","http://ditchwitch.com/","mon: 7:30 AM - 7:30 AM; tue: 7:30 AM - 7:30 AM; wed: 7:30 AM - 7:30 AM; fri: 7:30 AM - 7:30 AM; sat: Closed - Closed; sun: Closed - Closed","<MISSING>","store_number"
"https://www.ditchwitch.com/find-a-dealer","DITCH WITCH UNDERCON","4704 GOLD CORE DRIVE","GRAND ISLAND","NE","68801","US","2799","308.382.1300","<MISSING>","<MISSING>","<MISSING>","http://ditchwitch.com/","mon: 7:30 AM - 7:30 AM; tue: 7:30 AM - 7:30 AM; wed: 7:30 AM - 7:30 AM; fri: 7:30 AM - 7:30 AM; sat: Closed - Closed; sun: Closed - Closed","<MISSING>","store_number"
"https://www.ditchwitch.com/find-a-dealer","WITCH EQUIPMENT COMPANY, INC.","411 ENTERPRISE BLVD SO I-35","HEWITT","TX","76643-4104","US","2084","254.666.3344","<MISSING>","<MISSING>","<MISSING>","http://ditchwitch.com/","mon: 7:30 AM - 7:30 AM; tue: 7:30 AM - 7:30 AM; wed: 7:30 AM - 7:30 AM; fri: 7:30 AM - 7:30 AM; sat: Closed - Closed; sun: Closed - Closed","<MISSING>","store_number"
"https://www.ditchwitch.com/find-a-dealer","DITCH WITCH UNDERCON","7825 HARTMAN ARENA DRIVE","PARK CITY","KS","67147","US","2797","800.582.1980","<MISSING>","<MISSING>","<MISSING>","http://ditchwitch.com/","mon: 7:00 AM - 7:00 AM; tue: 7:00 AM - 7:00 AM; wed: 7:00 AM - 7:00 AM; fri: 7:00 AM - 7:00 AM; sat: Closed - Closed; sun: Closed - Closed","<MISSING>","store_number"
"https://www.ditchwitch.com/find-a-dealer","DITCH WITCH OF OKLAHOMA","9000 N. I-35 SERVICE ROAD","OKLAHOMA CITY","OK","73131","US","1410","405.348.4633","<MISSING>","<MISSING>","<MISSING>","http://ditchwitch.com/","mon: 7:30 AM - 7:30 AM; tue: 7:30 AM - 7:30 AM; wed: 7:30 AM - 7:30 AM; fri: 7:30 AM - 7:30 AM; sat: Closed - Closed; sun: Closed - Closed","<MISSING>","store_number"
"https://www.ditchwitch.com/find-a-dealer","DITCH WITCH OF EAST TEXAS","7717 U.S. HIGHWAY 69 N.","TYLER","TX","75706","US","1559","903.592.6226","<MISSING>","<MISSING>","<MISSING>","http://ditchwitch.com/","mon: 7:30 AM - 7:30 AM; tue: 7:30 AM - 7:30 AM; wed: 7:30 AM - 7:30 AM; fri: 7:30 AM - 7:30 AM; sat: Closed - Closed; sun: Closed - Closed","<MISSING>","store_number"
"https://www.ditchwitch.com/find-a-dealer","DITCH WITCH OF NORTH DAKOTA","2921 TWIN CITY DRIVE","MANDAN","ND","58554-3800","US","1124","701.663.9551","<MISSING>","<MISSING>","<MISSING>","http://ditchwitch.com/","mon: 8:00 AM - 8:00 AM; tue: 8:00 AM - 8:00 AM; wed: 8:00 AM - 8:00 AM; fri: 8:00 AM - 8:00 AM; sat: Closed - Closed; sun: Closed - Closed","<MISSING>","store_number"
"https://www.ditchwitch.com/find-a-dealer","DITCH WITCH OF SOUTH LOUISIANA","36202 HWY. 30","GEISMAR","LA","70734-3529","US","2356","225.744.7334","<MISSING>","<MISSING>","<MISSING>","http://ditchwitch.com/","mon: 07:30 AM - 07:30 AM; tue: 07:30 AM - 07:30 AM; wed: 07:30 AM - 07:30 AM; fri: 07:30 AM - 07:30 AM; sat: Closed - Closed; sun: Closed - Closed","<MISSING>","store_number"
"https://www.ditchwitch.com/find-a-dealer","DITCH WITCH OF LOUISIANA","5402 INDUSTRIAL DRIVE EXT","BOSSIER CITY","LA","71112-2625","US","1717","318.747.0660","<MISSING>","<MISSING>","<MISSING>","http://ditchwitch.com/","mon: 8:00 AM - 8:00 AM; tue: 8:00 AM - 8:00 AM; wed: 8:00 AM - 8:00 AM; fri: 8:00 AM - 8:00 AM; sat: Closed - Closed; sun: Closed - Closed","<MISSING>","store_number"
"https://www.ditchwitch.com/find-a-dealer","DITCH WITCH OF FLORIDA AND CARIBBEAN","4501 OAKES ROAD","FORT LAUDERDALE","FL","33314","US","2789","954.782.3552","<MISSING>","<MISSING>","<MISSING>","http://ditchwitch.com/","mon: 8:00 AM - 8:00 AM; tue: 8:00 AM - 8:00 AM; wed: 8:00 AM - 8:00 AM; fri: 8:00 AM - 8:00 AM; sat: Closed - Closed; sun: Closed - Closed","<MISSING>","store_number"
"https://www.ditchwitch.com/find-a-dealer","DITCH WITCH OF OKLAHOMA","4045 N. GARNETT ROAD","TULSA","OK","74116-5206","US","1557","918.438.1560","<MISSING>","<MISSING>","<MISSING>","http://ditchwitch.com/","mon: 7:30 AM - 7:30 AM; tue: 7:30 AM - 7:30 AM; wed: 7:30 AM - 7:30 AM; fri: 7:30 AM - 7:30 AM; sat: Closed - Closed; sun: Closed - Closed","<MISSING>","store_number"
"https://www.ditchwitch.com/find-a-dealer","DITCH WITCH OF ARKANSAS","13319 INTERSTATE 30","LITTLE ROCK","AR","72209","US","2316","501.316.3200","<MISSING>","<MISSING>","<MISSING>","http://ditchwitch.com/","mon: 7:30 AM - 7:30 AM; tue: 7:30 AM - 7:30 AM; wed: 7:30 AM - 7:30 AM; fri: 7:30 AM - 7:30 AM; sat: Closed - Closed; sun: Closed - Closed","<MISSING>","store_number"
"https://www.ditchwitch.com/find-a-dealer","DITCH WITCH MID-SOUTH","105 PRIESTER DRIVE","PEARL","MS","39208-3334","US","2154","601.939.6037","<MISSING>","<MISSING>","<MISSING>","http://ditchwitch.com/","mon: 8:00 AM - 8:00 AM; tue: 8:00 AM - 8:00 AM; wed: 8:00 AM - 8:00 AM; fri: 8:00 AM - 8:00 AM; sat: Closed - Closed; sun: Closed - Closed","<MISSING>","store_number"
"https://www.ditchwitch.com/find-a-dealer","DITCH WITCH OF NORTH DAKOTA","1100 MAIN AVENUE WEST","WEST FARGO","ND","58078-1331","US","2234","701.282.3600","<MISSING>","<MISSING>","<MISSING>","http://ditchwitch.com/","mon: 8:00 AM - 8:00 AM; tue: 8:00 AM - 8:00 AM; wed: 8:00 AM - 8:00 AM; fri: 8:00 AM - 8:00 AM; sat: Closed - Closed; sun: Closed - Closed","<MISSING>","store_number"
"https://www.ditchwitch.com/find-a-dealer","DITCH WITCH OF ALABAMA","5685 LA RUE STEINER ROAD","THEODORE","AL","36582-1765","US","1765","251.653.0992","<MISSING>","<MISSING>","<MISSING>","http://ditchwitch.com/","mon: 7:30 AM - 7:30 AM; tue: 7:30 AM - 7:30 AM; wed: 7:30 AM - 7:30 AM; fri: 7:30 AM - 7:30 AM; sat: Closed - Closed; sun: Closed - Closed","<MISSING>","store_number"
"https://www.ditchwitch.com/find-a-dealer","DITCH WITCH OF ARKANSAS","368 ALBANO DRIVE","SPRINGDALE","AR","72762-0000","US","2372","479.419.9771","<MISSING>","<MISSING>","<MISSING>","http://ditchwitch.com/","mon: 7:30 AM - 7:30 AM; tue: 7:30 AM - 7:30 AM; wed: 7:30 AM - 7:30 AM; fri: 7:30 AM - 7:30 AM; sat: Closed - Closed; sun: Closed - Closed","<MISSING>","store_number"
"https://www.ditchwitch.com/find-a-dealer","DITCH WITCH OF FLORIDA AND CARIBBEAN","506 EAST PARK RD","PLANT CITY","FL","33563-6998","US","2788","813.704.6828","<MISSING>","<MISSING>","<MISSING>","http://ditchwitch.com/","mon: 8:00 AM - 8:00 AM; tue: 8:00 AM - 8:00 AM; wed: 8:00 AM - 8:00 AM; fri: 8:00 AM - 8:00 AM; sat: Closed - Closed; sun: Closed - Closed","<MISSING>","store_number"
"https://www.ditchwitch.com/find-a-dealer","DITCH WITCH SALES, INC.","1355 SOUTH ENTERPRISE","OLATHE","KS","66061-5358","US","2149","913.782.5223","<MISSING>","<MISSING>","<MISSING>","http://ditchwitch.com/","mon: 8:00 AM - 8:00 AM; tue: 8:00 AM - 8:00 AM; wed: 8:00 AM - 8:00 AM; fri: 8:00 AM - 8:00 AM; sat: Closed - Closed; sun: Closed - Closed","<MISSING>","store_number"
"https://www.ditchwitch.com/find-a-dealer","DITCH WITCH SALES, INC.","1617 S. SERVICE RD.","SULLIVAN","MO","63080-0429","US","1310","573.468.8012","<MISSING>","<MISSING>","<MISSING>","http://ditchwitch.com/","mon: 8:00 AM - 8:00 AM; tue: 8:00 AM - 8:00 AM; wed: 8:00 AM - 8:00 AM; fri: 8:00 AM - 8:00 AM; sat: Closed - Closed; sun: Closed - Closed","<MISSING>","store_number"
"https://www.ditchwitch.com/find-a-dealer","DITCH WITCH UNDERCON","14061 S 220th St","GRETNA","NE","68028","US","2987","402.895.2444","<MISSING>","<MISSING>","<MISSING>","http://ditchwitch.com/","mon: 7:30 AM - 7:30 AM; tue: 7:30 AM - 7:30 AM; wed: 7:30 AM - 7:30 AM; fri: 7:30 AM - 7:30 AM; sat: Closed - Closed; sun: Closed - Closed","<MISSING>","store_number"
"https://www.ditchwitch.com/find-a-dealer","DITCH WITCH MID-SOUTH","175 MANN DRIVE","COLLIERVILLE","TN","38017-5545","US","2830","901.850.8501","<MISSING>","<MISSING>","<MISSING>","http://ditchwitch.com/","mon: 7:30 AM - 7:30 AM; tue: 7:30 AM - 7:30 AM; wed: 7:30 AM - 7:30 AM; fri: 7:30 AM - 7:30 AM; sat: Closed - Closed; sun: Closed - Closed","<MISSING>","store_number"
"https://www.ditchwitch.com/find-a-dealer","DITCH WITCH OF MINNESOTA AND IOWA","1320 FRONTIER DRIVE SH210 & I94","FERGUS FALLS","MN","56537-1079","US","2078","218.736.5688","<MISSING>","<MISSING>","<MISSING>","http://ditchwitch.com/","mon: 7:00 AM - 7:00 AM; tue: 7:00 AM - 7:00 AM; wed: 7:00 AM - 7:00 AM; fri: 7:00 AM - 7:00 AM; sat: Closed - Closed; sun: Closed - Closed","<MISSING>","store_number"
"https://www.ditchwitch.com/find-a-dealer","DITCH WITCH OF FLORIDA AND CARIBBEAN","1495 WELLS ROAD","ORANGE PARK","FL","32073-2385","US","2897","904.269.6786","<MISSING>","<MISSING>","<MISSING>","http://ditchwitch.com/","mon: 8:00 AM - 8:00 AM; tue: 8:00 AM - 8:00 AM; wed: 8:00 AM - 8:00 AM; fri: 8:00 AM - 8:00 AM; sat: Closed - Closed; sun: Closed - Closed","<MISSING>","store_number"
"https://www.ditchwitch.com/find-a-dealer","DITCH WITCH MIDWEST","1305 SENTRY DRIVE","WAUKESHA","WI","53186-5929","US","2213","262.547.7737","<MISSING>","<MISSING>","<MISSING>","http://ditchwitch.com/","mon: 07:00 AM - 07:00 AM; tue: 07:00 AM - 07:00 AM; wed: 07:00 AM - 07:00 AM; fri: 07:00 AM - 07:00 AM; sat: Closed - Closed; sun: Closed - Closed","<MISSING>","store_number"
"https://www.ditchwitch.com/find-a-dealer","DITCH WITCH OF MINNESOTA AND IOWA","1520 BLUE SKY BOULEVARD","HUXLEY","IA","50124","US","3012","515.685.3521","<MISSING>","<MISSING>","<MISSING>","http://ditchwitch.com/","mon: 7:00 AM - 7:00 AM; tue: 7:00 AM - 7:00 AM; wed: 7:00 AM - 7:00 AM; fri: 7:00 AM - 7:00 AM; sat: Closed - Closed; sun: Closed - Closed","<MISSING>","store_number"
"https://www.ditchwitch.com/find-a-dealer","DITCH WITCH OF ALABAMA","2200 CORPORATE WOODS DRIVE","ALABASTER","AL","35007-4828","US","2300","205.663.6794","<MISSING>","<MISSING>","<MISSING>","http://ditchwitch.com/","mon: 7:30 AM - 7:30 AM; tue: 7:30 AM - 7:30 AM; wed: 7:30 AM - 7:30 AM; fri: 7:30 AM - 7:30 AM; sat: Closed - Closed; sun: Closed - Closed","<MISSING>","store_number"
"https://www.ditchwitch.com/find-a-dealer","DITCH WITCH OF MINNESOTA AND IOWA","12826 EMERY WAY","SHAKOPEE","MN","55379-8300","US","1095","952.445.3066","<MISSING>","<MISSING>","<MISSING>","http://ditchwitch.com/","mon: 7:00 AM - 7:00 AM; tue: 7:00 AM - 7:00 AM; wed: 7:00 AM - 7:00 AM; fri: 7:00 AM - 7:00 AM; sat: Closed - Closed; sun: Closed - Closed","<MISSING>","store_number"
"https://www.ditchwitch.com/find-a-dealer","DITCH WITCH SALES, INC.","1807 W. OAKRIDGE DR.","ALBANY","GA","31707-5263","US","3223","229.435.5811","<MISSING>","<MISSING>","<MISSING>","http://ditchwitch.com/","mon: 7:30 AM - 7:30 AM; tue: 7:30 AM - 7:30 AM; wed: 7:30 AM - 7:30 AM; fri: 7:30 AM - 7:30 AM; sat: Closed - Closed; sun: Closed - Closed","<MISSING>","store_number"
"https://www.ditchwitch.com/find-a-dealer","DITCH WITCH SALES, INC.","1084 COUNTY ROAD 2710","MOBERLY","MO","65270-4900","US","2080","660.263.6420","<MISSING>","<MISSING>","<MISSING>","http://ditchwitch.com/","mon: 8:00 AM - 8:00 AM; tue: 8:00 AM - 8:00 AM; wed: 8:00 AM - 8:00 AM; fri: 8:00 AM - 8:00 AM; sat: Closed - Closed; sun: Closed - Closed","<MISSING>","store_number"
"https://www.ditchwitch.com/find-a-dealer","DITCH WITCH SALES, INC.","1633 DEAN FOREST ROAD","SAVANNAH","GA","31408-9588","US","3222","912.964.8228","<MISSING>","<MISSING>","<MISSING>","http://ditchwitch.com/","mon: 07:30 AM - 07:30 AM; tue: 07:30 AM - 07:30 AM; wed: 07:30 AM - 07:30 AM; fri: 07:30 AM - 07:30 AM; sat: Closed - Closed; sun: Closed - Closed","<MISSING>","store_number"
"https://www.ditchwitch.com/find-a-dealer","DITCH WITCH OF MINNESOTA AND IOWA","21124 HOLDEN DRIVE","DAVENPORT","IA","52806-9314","US","3013","563.391.4656","<MISSING>","<MISSING>","<MISSING>","http://ditchwitch.com/","mon: 7:00 AM - 7:00 AM; tue: 7:00 AM - 7:00 AM; wed: 7:00 AM - 7:00 AM; fri: 7:00 AM - 7:00 AM; sat: Closed - Closed; sun: Closed - Closed","<MISSING>","store_number"
"https://www.ditchwitch.com/find-a-dealer","DITCH WITCH SALES, INC.","5430 GA HIGHWAY 85","FOREST PARK","GA","30297-2486","US","3221","404.761.0619","<MISSING>","<MISSING>","<MISSING>","http://ditchwitch.com/","mon: 07:30 AM - 07:30 AM; tue: 07:30 AM - 07:30 AM; wed: 07:30 AM - 07:30 AM; fri: 07:30 AM - 07:30 AM; sat: Closed - Closed; sun: Closed - Closed","<MISSING>","store_number"
"https://www.ditchwitch.com/find-a-dealer","DITCH WITCH SALES, INC.","107 TROY ROAD","COLLINSVILLE","IL","62234-5503","US","1556","618.345.6262","<MISSING>","<MISSING>","<MISSING>","http://ditchwitch.com/","mon: 8:00 AM - 8:00 AM; tue: 8:00 AM - 8:00 AM; wed: 8:00 AM - 8:00 AM; fri: 8:00 AM - 8:00 AM; sat: Closed - Closed; sun: Closed - Closed","<MISSING>","store_number"
"https://www.ditchwitch.com/find-a-dealer","DITCH WITCH OF TENNESSEE","140 CHARTER PLACE","LA VERGNE","TN","37086","US","2729","615.793.7576","<MISSING>","<MISSING>","<MISSING>","http://ditchwitch.com/","mon: 07:30 AM - 07:30 AM; tue: 07:30 AM - 07:30 AM; wed: 07:30 AM - 07:30 AM; fri: 07:30 AM - 07:30 AM; sat: Closed - Closed; sun: Closed - Closed","<MISSING>","store_number"
"https://www.ditchwitch.com/find-a-dealer","DITCH WITCH MID-STATES","400 SPARROW DRIVE","SHEPHERDSVILLE","KY","40165-5472","US","2961","502.543.3309","<MISSING>","<MISSING>","<MISSING>","http://ditchwitch.com/","mon: 7:30 AM - 7:30 AM; tue: 7:30 AM - 7:30 AM; wed: 7:30 AM - 7:30 AM; fri: 7:30 AM - 7:30 AM; sat: Closed - Closed; sun: Closed - Closed","<MISSING>","store_number"
"https://www.ditchwitch.com/find-a-dealer","DITCH WITCH OF THE CAROLINAS","10048 HIGHWAY 78","LADSON","SC","29456-3401","US","2290","877.875.9650","<MISSING>","<MISSING>","<MISSING>","http://ditchwitch.com/","mon: 7:00 AM - 7:00 AM; tue: 7:00 AM - 7:00 AM; wed: 7:00 AM - 7:00 AM; fri: 7:00 AM - 7:00 AM; sat: Closed - Closed; sun: Closed - Closed","<MISSING>","store_number"
"https://www.ditchwitch.com/find-a-dealer","DITCH WITCH OF TENNESSEE","3356 RUDY STREET","KNOXVILLE","TN","37921","US","2730","865.970.2840","<MISSING>","<MISSING>","<MISSING>","http://ditchwitch.com/","mon: 07:30 AM - 07:30 AM; tue: 07:30 AM - 07:30 AM; wed: 07:30 AM - 07:30 AM; fri: 07:30 AM - 07:30 AM; sat: Closed - Closed; sun: Closed - Closed","<MISSING>","store_number"
"https://www.ditchwitch.com/find-a-dealer","DITCH WITCH MIDWEST","1555 ATLANTIC DRIVE","WEST CHICAGO","IL","60185","US","1133","630.665.5600","<MISSING>","<MISSING>","<MISSING>","http://ditchwitch.com/","mon: 07:00 AM - 07:00 AM; tue: 07:00 AM - 07:00 AM; wed: 07:00 AM - 07:00 AM; fri: 07:00 AM - 07:00 AM; sat: Closed - Closed; sun: Closed - Closed","<MISSING>","store_number"
"https://www.ditchwitch.com/find-a-dealer","DITCH WITCH MIDWEST","2400 TOWER DRIVE","KAUKAUNA","WI","54130-1180","US","2226","920.766.2300","<MISSING>","<MISSING>","<MISSING>","http://ditchwitch.com/","mon: 07:00 AM - 07:00 AM; tue: 07:00 AM - 07:00 AM; wed: 07:00 AM - 07:00 AM; fri: 07:00 AM - 07:00 AM; sat: Closed - Closed; sun: Closed - Closed","<MISSING>","store_number"
"https://www.ditchwitch.com/find-a-dealer","DITCH WITCH OF THE CAROLINAS","1201 FIRST STREET SOUTH EXTENSION","COLUMBIA","SC","29209-3536","US","2279","877.875.9651","<MISSING>","<MISSING>","<MISSING>","http://ditchwitch.com/","mon: 7:00 AM - 7:00 AM; tue: 7:00 AM - 7:00 AM; wed: 7:00 AM - 7:00 AM; fri: 7:00 AM - 7:00 AM; sat: Closed - Closed; sun: Closed - Closed","<MISSING>","store_number"
"https://www.ditchwitch.com/find-a-dealer","DITCH WITCH OF THE CAROLINAS","4600 REAGAN DRIVE","CHARLOTTE","NC","28206-3186","US","1612","877.875.9616","<MISSING>","<MISSING>","<MISSING>","http://ditchwitch.com/","mon: 7:00 AM - 7:00 AM; tue: 7:00 AM - 7:00 AM; wed: 7:00 AM - 7:00 AM; fri: 7:00 AM - 7:00 AM; sat: Closed - Closed; sun: Closed - Closed","<MISSING>","store_number"
"https://www.ditchwitch.com/find-a-dealer","DITCH WITCH OF THE CAROLINAS","228 NEELY FERRY ROAD","SIMPSONVILLE","SC","29680-6231","US","1880","877.875.9649","<MISSING>","<MISSING>","<MISSING>","http://ditchwitch.com/","mon: 7:00 AM - 7:00 AM; tue: 7:00 AM - 7:00 AM; wed: 7:00 AM - 7:00 AM; fri: 7:00 AM - 7:00 AM; sat: Closed - Closed; sun: Closed - Closed","<MISSING>","store_number"
"https://www.ditchwitch.com/find-a-dealer","DITCH WITCH MIDWEST","1550 W. NORTHFIELD DRIVE","BROWNSBURG","IN","46112-8034","US","2352","317.852.9400","<MISSING>","<MISSING>","<MISSING>","http://ditchwitch.com/","mon: 07:00 AM - 07:00 AM; tue: 07:00 AM - 07:00 AM; wed: 07:00 AM - 07:00 AM; fri: 07:00 AM - 07:00 AM; sat: Closed - Closed; sun: Closed - Closed","<MISSING>","store_number"
"https://www.ditchwitch.com/find-a-dealer","DITCH WITCH MIDWEST","4418 MERCHANT DRIVE","FORT WAYNE","IN","46818-1264","US","2351","260.484.0667","<MISSING>","<MISSING>","<MISSING>","http://ditchwitch.com/","mon: 07:00 AM - 07:00 AM; tue: 07:00 AM - 07:00 AM; wed: 07:00 AM - 07:00 AM; fri: 07:00 AM - 07:00 AM; sat: Closed - Closed; sun: Closed - Closed","<MISSING>","store_number"
"https://www.ditchwitch.com/find-a-dealer","DITCH WITCH OF NORTH CAROLINA, INC","329 HWY 70 EAST","GARNER","NC","27529-4053","US","1112","919.772.1214","<MISSING>","<MISSING>","<MISSING>","http://ditchwitch.com/","mon: 7:30 AM - 7:30 AM; tue: 7:30 AM - 7:30 AM; wed: 7:30 AM - 7:30 AM; fri: 7:30 AM - 7:30 AM; sat: Closed - Closed; sun: Closed - Closed","<MISSING>","store_number"
"https://www.ditchwitch.com/find-a-dealer","DITCH WITCH MID-STATES","3660 INTERCHANGE RD","COLUMBUS","OH","43204-1434","US","2331","614.443.9751","<MISSING>","<MISSING>","<MISSING>","http://ditchwitch.com/","mon: 7:30 AM - 7:30 AM; tue: 7:30 AM - 7:30 AM; wed: 7:30 AM - 7:30 AM; fri: 7:30 AM - 7:30 AM; sat: Closed - Closed; sun: Closed - Closed","<MISSING>","store_number"
"https://www.ditchwitch.com/find-a-dealer","DITCH WITCH OF ROANOKE, INC.","2355 WEST MAIN","SALEM","VA","24153-1467","US","1618","540.387.0429","<MISSING>","<MISSING>","<MISSING>","http://ditchwitch.com/","mon: 08:00 AM - 08:00 AM; tue: 08:00 AM - 08:00 AM; wed: 08:00 AM - 08:00 AM; fri: 08:00 AM - 08:00 AM; sat: Closed - Closed; sun: Closed - Closed","<MISSING>","store_number"
"https://www.ditchwitch.com/find-a-dealer","DITCH WITCH SALES OF MICHIGAN","3401 WEST GRAND RIVER AVE","HOWELL","MI","48855-7603","US","2556","517.546.9848","<MISSING>","<MISSING>","<MISSING>","http://ditchwitch.com/","mon: 07:00 AM - 07:00 AM; tue: 07:00 AM - 07:00 AM; wed: 07:00 AM - 07:00 AM; fri: 07:00 AM - 07:00 AM; sat: Closed - Closed; sun: Closed - Closed","<MISSING>","store_number"
"https://www.ditchwitch.com/find-a-dealer","DITCH WITCH SALES OF MICHIGAN","1128 FRANKLIN ST","MARNE","MI","49435","US","2847","616.350.9135","<MISSING>","<MISSING>","<MISSING>","http://ditchwitch.com/","mon: 07:00 AM - 07:00 AM; tue: 07:00 AM - 07:00 AM; wed: 07:00 AM - 07:00 AM; fri: 07:00 AM - 07:00 AM; sat: Closed - Closed; sun: Closed - Closed","<MISSING>","store_number"
"https://www.ditchwitch.com/find-a-dealer","DITCH WITCH OF WEST VIRGINIA","1963 Edens Fork Road","Charleston","WV","25312","US","2260","304.766.7499","<MISSING>","<MISSING>","<MISSING>","http://ditchwitch.com/","mon: 08:00 AM - 08:00 AM; tue: 08:00 AM - 08:00 AM; wed: 08:00 AM - 08:00 AM; fri: 08:00 AM - 08:00 AM; sat: Closed - Closed; sun: Closed - Closed","<MISSING>","store_number"
"https://www.ditchwitch.com/find-a-dealer","DITCH WITCH OF VIRGINIA","968 PROVIDENCE ROAD","CHESAPEAKE","VA","23325","US","2082","757.424.5960","<MISSING>","<MISSING>","<MISSING>","http://ditchwitch.com/","mon: 07:00 AM - 07:00 AM; tue: 07:00 AM - 07:00 AM; wed: 07:00 AM - 07:00 AM; fri: 07:00 AM - 07:00 AM; sat: Closed - Closed; sun: Closed - Closed","<MISSING>","store_number"
