"locator_domain","location_name","street_address","city","state","zip","country_code","store_number","phone","location_type","latitude","longitude","hours_of_operation","page_url"
"https://www.habitburger.com","Habit Burger Grill","2640 5th Street","Alameda","CA","94501","US","<MISSING>","(510) 337-9982","Restaurant","37.786865","-122.280197","Sun-Thu 10:30am-10:00pm Fri-Sat 10:30am-11:00pm","https://www.habitburger.com/locations/alameda"
"https://www.habitburger.com","Habit Burger Grill","1080 Monroe St.","Albany","CA","94706","US","<MISSING>","(510) 526-5560    ","Restaurant","37.884480","-122.297874","Sun-Thu 10:30am-10:00pm Fri-Sat 10:30am-11:00pm","https://www.habitburger.com/locations/albany"
"https://www.habitburger.com","Habit Burger Grill","5829 Lone Tree Way","Antioch","CA","94531","US","<MISSING>","(925) 755-5030","Restaurant","37.962940","-121.736565","Sun-Thu 10:30am-10:00pm Fri-Sat 10:30am-11:00pm","https://www.habitburger.com/locations/antioch-slatten-ranch"
"https://www.habitburger.com","Habit Burger Grill","2430 Mahogany Way","Antioch","CA","94509","US","<MISSING>","(925) 778-1140  ","Restaurant","38.004013","-121.835381","Mon-Sat 10:30am-12:00am Sun 10:30am-11:00pm","https://www.habitburger.com/locations/antioch"
"https://www.habitburger.com","Habit Burger Grill","2000 S. Bascom Ave.","Campbell","CA","95008","US","<MISSING>","(408) 369-9201","Restaurant","37.286636","-121.931351","Sun-Thu 10:30am-10:00pm Fri-Sat 10:30am-11:00pm","https://www.habitburger.com/locations/campbell"
"https://www.habitburger.com","Habit Burger Grill","3650 Village Drive","Castro Valley","CA","94546","US","<MISSING>","(510) 247-3240","Restaurant","37.697128","-122.073997","Sun-Thurs 10:30am-10:00pm Fri-Sat 10:30am-11:00pm","https://www.habitburger.com/locations/castro-valley"
"https://www.habitburger.com","Habit Burger Grill","1110  Ave.","Concord","CA","94520","US","<MISSING>","(925) 798-5285 ","Restaurant","37.978821","-122.058258","Sun-Thu 10:30am-10:00pm Fri-Sat 10:30am-11:00pm","https://www.habitburger.com/locations/concord"
"https://www.habitburger.com","Habit Burger Grill","20735 Stevens Creek Boulevard","Cupertino","CA","95014","US","<MISSING>","(408) 366-2208","Restaurant","37.323463","-122.035378","Mon-Sun 10:30am-10:00pm","https://www.habitburger.com/locations/cupertino"
"https://www.habitburger.com","Habit Burger Grill","305 Gellert Blvd.","Daly City","CA","94015","US","<MISSING>","(650) 301-5034","Restaurant","37.668953","-122.468437","Mon-Sat 10:30am-11:00pm Sun 10:30am-10:00pm","https://www.habitburger.com/locations/daly-city"
"https://www.habitburger.com","Habit Burger Grill","1425 Ary Lane","Dixon","CA","95620","US","<MISSING>","(707) 635-9350","Restaurant","38.457077","-121.841858","Sun-Thurs 10:30am-11:00pm Fri-Sat 10:30am-12:00am","https://www.habitburger.com/locations/dixon"
"https://www.habitburger.com","Habit Burger Grill","7295 Amador Plaza Rd.","Dublin","CA","94568","US","<MISSING>","(925) 875-9648","Restaurant","37.708786","-121.930389","Sun-Thu 10:30am-10:00pm Fri-Sat 10:30am-11:00pm","https://www.habitburger.com/locations/dublin"
"https://www.habitburger.com","Habit Burger Grill","5291 Martinelli Way","Dublin","CA","94568","US","<MISSING>","(925) 479-0847","Restaurant","37.704971","-121.891434","Mon-Sun 10:30am-10:00pm","https://www.habitburger.com/locations/dublin-persimmon-place"
"https://www.habitburger.com","Habit Burger Grill","1320 Travis Blvd.","Fairfield","CA","94533","US","<MISSING>","(707) 430-9780","Restaurant","38.258972","-122.050507","Sun-Thurs 10:30am-10:00pm Fri-Sat 10:30am-11:00pm","https://www.habitburger.com/locations/fairfield"
"https://www.habitburger.com","Habit Burger Grill","1297 Chess Drive","Foster City","CA","94404","US","<MISSING>","(650) 312-8494 ","Restaurant","37.561592","-122.278816","Mon-Sun 10:30am-10:00pm","https://www.habitburger.com/locations/foster-city"
"https://www.habitburger.com","Habit Burger Grill","43830 Pacific Commons Bl.","Fremont","CA","94538","US","<MISSING>","(510) 252-1530","Restaurant","37.501774","-121.969994","Sun-Thu 10:30am-10:00pm Fri-Sat 10:30am-11:00pm","https://www.habitburger.com/locations/fremont"
"https://www.habitburger.com","Habit Burger Grill","6955 Camino Arroyo","Gilroy","CA","95020","US","<MISSING>","(408) 842-4300","Restaurant","37.002907","-121.552238","Mon-Sun 10:30am-10:00pm","https://www.habitburger.com/locations/gilroy"
"https://www.habitburger.com","Habit Burger Grill","2150 Portola Ave.","Livermore","CA","94550","US","<MISSING>","(925) 371-0833","Restaurant","37.693161","-121.773705","Mon-Sun 10:30am-10:00pm","https://www.habitburger.com/locations/livermore"
"https://www.habitburger.com","Habit Burger Grill","1735 Trancas St.","Napa","CA","94558","US","<MISSING>","(707) 251-8137","Restaurant","38.321075","-122.306824","Sun-Thu 10:30am-10:00pm Fri-Sat 10:30am-11:00pm","https://www.habitburger.com/locations/napa"
"https://www.habitburger.com","Habit Burger Grill","304 Soscol Avenue","Napa","CA","94559","US","<MISSING>","(707) 224-9905","Restaurant","38.285767","-122.274353","Mon-Sun 10:30am-10:00pm","https://www.habitburger.com/locations/south-napa"
"https://www.habitburger.com","Habit Burger Grill","924 Diablo Avenue","Novato","CA","94947","US","<MISSING>","(415) 897-6100","Restaurant","38.102364","-122.571716","Mon-Sun 10:30am-10:00pm","https://www.habitburger.com/locations/novato"
"https://www.habitburger.com","Habit Burger Grill","5108 Broadway","Oakland","CA","94611","US","<MISSING>","(510) 595-6675","Restaurant","37.834881","-122.249718","Sun-Thu 10:30am-10:00pm Fri-Sat 10:30am-11:00pm","https://www.habitburger.com/locations/oakland"
"https://www.habitburger.com","Habit Burger Grill","447 N. McDowell Blvd","Petaluma","CA","94954","US","<MISSING>","(707) 778-8301","Restaurant","38.254124","-122.636284","Mon-Sun 10:30am-10:00pm","https://www.habitburger.com/locations/petaluma"
"https://www.habitburger.com","Habit Burger Grill","1412  Valley Road","Pinole","CA","94564","US","<MISSING>","(510) 243-5188","Restaurant","37.997288","-122.286346","Sun-Thu 10:30am-10:00pm Fri-Sat 10:30am-11:00pm","https://www.habitburger.com/locations/pinole"
"https://www.habitburger.com","Habit Burger Grill","6770 Bernal Avenue","Pleasanton","CA","94588","US","<MISSING>","(925) 485-3260","Restaurant","37.657642","-121.898048","Sun-Thu 10:30am-10:00pm Fri-Sat 10:30am-11:00pm","https://www.habitburger.com/locations/pleasanton"
"https://www.habitburger.com","Habit Burger Grill","1111 El Camino Real","Redwood City","CA","94063","US","<MISSING>","(650) 568-1625","Restaurant","37.483486","-122.230156","Sun-Thu 10:30am-10:00pm Fri-Sat 10:30am-11:00pm","https://www.habitburger.com/locations/redwood-city"
"https://www.habitburger.com","Habit Burger Grill","630 Park Court","Rohnert Park","CA","94928","US","<MISSING>","(707) 585-7960","Restaurant","38.361042","-122.723907","Sun-Thu 10:30am-12:00am Fri-Sat 10:30am-3:00am","https://www.habitburger.com/locations/rohnert-park"
"https://www.habitburger.com","Habit Burger Grill","1078 E. Brokaw Road","San Jose","CA","95131","US","<MISSING>","(408) 437-8840","Restaurant","37.382729","-121.897148","Mon-Sun 10:30am-10:00pm","https://www.habitburger.com/locations/san-jose-brokaw"
"https://www.habitburger.com","Habit Burger Grill","1510 Monterey Road","San Jose","CA","95110","US","<MISSING>","(408) 288-5604   ","Restaurant","37.315224","-121.871498","Mon-Sun 10:30am-10:00pm","https://www.habitburger.com/locations/san-jose-sun-garden"
"https://www.habitburger.com","Habit Burger Grill","5018 Almaden Expressway","San Jose","CA","95118","US","<MISSING>","(408) 613-2578","Restaurant","37.258518","-121.875648","Sun-Thu 10:30am-10:00pm Fri-Sat 10:30am-11:00pm","https://www.habitburger.com/locations/san-jose-almaden"
"https://www.habitburger.com","Habit Burger Grill","1540 E. 14th Street","San Leandro","CA","94577","US","<MISSING>","(510) 895-8895","Restaurant","37.723381","-122.153412","Sun-Thu 10:30am-10:00pm Fri-Sat 10:30am-11:00pm","https://www.habitburger.com/locations/san-leandro"
"https://www.habitburger.com","Habit Burger Grill","1100 Park Place","San Mateo","CA","94403","US","<MISSING>","(650) 286-9944","Restaurant","37.545044","-122.291107","Mon-Sun 10:30am-10:00pm","https://www.habitburger.com/locations/san-mateo"
"https://www.habitburger.com","Habit Burger Grill","3121 Crow Canyon Place","San Ramon","CA","94583","US","<MISSING>","(925) 355-9672","Restaurant","37.778744","-121.969460","Sun-Thu 10:30am-10:00pm Fri-Sat 10:30am-11:00pm","https://www.habitburger.com/locations/san-ramon"
"https://www.habitburger.com","Habit Burger Grill","2120 California Ave.","Sand City","CA","93955","US","<MISSING>","(831) 250-9330","Restaurant","36.622978","-121.842995","Mon-Sun 10:30am-11:00pm","https://www.habitburger.com/locations/sand-city"
"https://www.habitburger.com","Habit Burger Grill","2000 El Camino Real","Santa Clara","CA","95050","US","<MISSING>","(408) 244-2856","Restaurant","37.351971","-121.959869","Sun-Thu 10:30am-10:00pm Fri-Sat 10:30am-11:00pm","https://www.habitburger.com/locations/santa-clara"
"https://www.habitburger.com","Habit Burger Grill","1400 Ocean Street","Santa Cruz","CA","95060","US","<MISSING>","(831) 466-9264","Restaurant","36.984005","-122.022675","Mon-Sun 10:30am-10:00pm","https://www.habitburger.com/locations/santa-cruz"
"https://www.habitburger.com","Habit Burger Grill","2005 Cleveland Ave.","Santa Rosa","CA","95401","US","<MISSING>","(707) 230-6744","Restaurant","38.458000","-122.726555","Sun-Thurs 10:30am-10:00pm Fri-Sat 10:30am-11:00pm","https://www.habitburger.com/locations/santa-rosa"
"https://www.habitburger.com","Habit Burger Grill","146 W. El Camino Real","Sunnyvale","CA","94087","US","<MISSING>","(408) 774-9015","Restaurant","37.367729","-122.032967","Sun-Thu 10:30am-10:00pm Fri-Sat 10:30am-11:00pm","https://www.habitburger.com/locations/sunnyvale"
"https://www.habitburger.com","Habit Burger Grill","2682 Naglee Road","Tracy","CA","95304","US","<MISSING>","(209) 362-2540","Restaurant","37.756229","-121.461899","Sun-Thurs 10:30am-10:00pm Fri-Sat 10:30am-11:00pm","https://www.habitburger.com/locations/tracy"
"https://www.habitburger.com","Habit Burger Grill","1640 E. Monte Vista Avenue","Vacaville","CA","95688","US","<MISSING>","(707) 452-0292","Restaurant","38.367813","-121.961121","Mon-Sun 10:30am-10:00pm","https://www.habitburger.com/locations/vacaville"
"https://www.habitburger.com","Habit Burger Grill","118 Plaza Drive","Vallejo","CA","94591","US","<MISSING>","(707) 644-4432","Restaurant","38.133247","-122.216637","Mon-Sat 10:30am-12:00am Sun 10:30am-11:00pm","https://www.habitburger.com/locations/vallejo"
"https://www.habitburger.com","Habit Burger Grill","1255 S. California Blvd.","Walnut Creek","CA","94596","US","<MISSING>","(925) 279-2286","Restaurant","37.895252","-122.062569","Sun-Thu 10:30am-10:00pm Fri-Sat 10:30am-11:00pm","https://www.habitburger.com/locations/walnut-creek-california-blvd"
"https://www.habitburger.com","Habit Burger Grill","1504 Geary Rd.","Walnut Creek","CA","94597","US","<MISSING>","(925) 296-9672","Restaurant","37.926613","-122.063179","Sun-Thu 10:30am-10:00pm Fri-Sat 10:30am-11:00pm","https://www.habitburger.com/locations/walnut-creek-geary"
"https://www.habitburger.com","Habit Burger Grill","5437 A Sunrise Blvd.","Citrus Heights","CA","95610","US","<MISSING>","(916) 536-9175","Restaurant","38.664616","-121.272552","Mon-Sun 10:30am-10:00pm","https://www.habitburger.com/locations/citrus-heights"
"https://www.habitburger.com","Habit Burger Grill","7400 Laguna Blvd.","Elk Grove","CA","95758","US","<MISSING>","(916) 683-3551","Restaurant","38.422421","-121.417427","Mon-Sun 10:30am-10:00pm","https://www.habitburger.com/locations/elk-grove"
"https://www.habitburger.com","Habit Burger Grill","1115 E. Bidwell St.","Folsom","CA","95630","US","<MISSING>","(916) 983-3028","Restaurant","38.668289","-121.155083","Mon-Sun 10:30am-10:00pm","https://www.habitburger.com/locations/folsom"
"https://www.habitburger.com","Habit Burger Grill","4060 Douglas Blvd.","Granite Bay","CA","95746","US","<MISSING>","(916) 791-6790","Restaurant","38.742516","-121.225662","Mon-Sun 10:30am-10:00pm","https://www.habitburger.com/locations/granite-bay"
"https://www.habitburger.com","Habit Burger Grill","3161 Zinfandel Drive","Rancho Cordova","CA","95670","US","<MISSING>","(916) 851-1156","Restaurant","38.585644","-121.284355","Mon-Sun 10:30am-10:00pm","https://www.habitburger.com/locations/rancho-cordova"
"https://www.habitburger.com","Habit Burger Grill","1020 E. Cypress Ave.","Redding","CA","96002","US","<MISSING>","(530) 223-1027","Restaurant","40.571957","-122.352654","Mon-Sun 10:30am-10:00pm","https://www.habitburger.com/locations/redding"
"https://www.habitburger.com","Habit Burger Grill","4640 Sierra College Blvd.","Rocklin","CA","95677","US","<MISSING>","(916) 975-6290","Restaurant","38.803322","-121.205490","Mon-Sun 10:30am-11:00pm","https://www.habitburger.com/locations/rocklin"
"https://www.habitburger.com","Habit Burger Grill","933 Pleasant Grove Blvd.","Roseville","CA","95678","US","<MISSING>","(916) 791-5292","Restaurant","38.781918","-121.286568","Mon-Sun 10:30am-10:00pm","https://www.habitburger.com/locations/roseville"
"https://www.habitburger.com","Habit Burger Grill","8124 Delta Shores Circle","Sacramento","CA","95832","US","<MISSING>","(916) 665-1080","Restaurant","38.466087","-121.494507","Sun-Thu 10:30am-10:00pm Fri-Sat 10:30am-11:00pm","https://www.habitburger.com/locations/sacramento-south"
"https://www.habitburger.com","Habit Burger Grill","1431 Howe Ave.","Sacramento","CA","95825","US","<MISSING>","(916) 927-2604","Restaurant","38.592052","-121.416122","Mon-Sun 10:30am-10:00pm","https://www.habitburger.com/locations/sacramento"
"https://www.habitburger.com","Habit Burger Grill","1270 Bridge Street","Yuba City","CA","95991","US","<MISSING>","(530) 443-9805","Restaurant","39.132229","-121.633347","Mon-Sat 10:30am-12:00am Sun 10:30am-11:00pm","https://www.habitburger.com/locations/yuba-city"
"https://www.habitburger.com","Habit Burger Grill","7300 El Camino Real","Atascadero","CA","93422","US","<MISSING>","(805) 703-2940","Restaurant","35.483112","-120.661285","Sun-Thurs 10:30am-11:00pm Fri-Sat 10:30am-12:00am","https://www.habitburger.com/locations/atascadero"
"https://www.habitburger.com","Habit Burger Grill","5503 Calloway Dr","Bakersfield","CA","93312","US","<MISSING>","(661) 829-5283","Restaurant","35.411228","-119.110435","Mon-Sun 8:00am-11:00am","https://www.habitburger.com/locations/bakersfield-calloway-dr"
"https://www.habitburger.com","Habit Burger Grill","3900 California Ave.","Bakersfield","CA","93309","US","<MISSING>","(661) 322-2356  ","Restaurant","35.367786","-119.046394","Mon-Sun 8:00am-11:00am","https://www.habitburger.com/locations/bakersfield-california-ave"
"https://www.habitburger.com","Habit Burger Grill","12900 Brimhall Road","Bakersfield","CA","93312","US","<MISSING>","(661) 829-2579    ","Restaurant","35.369015","-119.145546","Mon-Sun 8:00am-11:00am","https://www.habitburger.com/locations/bakersfield-brimhall-rd"
"https://www.habitburger.com","Habit Burger Grill","1195 Herndon Ave.","Clovis","CA","93612","US","<MISSING>","(559) 299-2481","Restaurant","36.837536","-119.694695","Sun-Thu 10:30am-10:00pm Fri-Sat 10:30am-11:00pm","https://www.habitburger.com/locations/clovis"
"https://www.habitburger.com","Habit Burger Grill","8480 North Friant Rd.","Fresno","CA","93720","US","<MISSING>","(559) 433-8815   ","Restaurant","36.858780","-119.782547","Sun-Thu 10:30am-10:00pm Fri-Sat 10:30am-11:00pm","https://www.habitburger.com/locations/fresno-north-friant"
"https://www.habitburger.com","Habit Burger Grill","3520 N. Blackstone Ave.","Fresno","CA","93726","US","<MISSING>","(559) 244-0417   ","Restaurant","36.781124","-119.790451","Mon-Sun 10:30am-11:00pm","https://www.habitburger.com/locations/fresno-blackstone"
"https://www.habitburger.com","Habit Burger Grill","702 West Shaw Ave.","Fresno","CA","93704","US","<MISSING>","(559) 226-2128","Restaurant","36.808823","-119.806389","Sun-Thu 10:30am-10:00pm Fri-Sat 10:30am-11:00pm","https://www.habitburger.com/locations/fresno-west-shaw"
"https://www.habitburger.com","Habit Burger Grill","1731 West Lacey Bl.","Hanford","CA","93230","US","<MISSING>","(559) 582-8200  ","Restaurant","36.327824","-119.673447","Mon-Sat 10:30am-10:00pm Sun 10:30am-9:00pm","https://www.habitburger.com/locations/hanford"
"https://www.habitburger.com","Habit Burger Grill","1401 S. Lower Sacramento Rd.","Lodi","CA","95242","US","<MISSING>","(209) 280-1660","Restaurant","38.117706","-121.306618","Mon-Sun 10:30am-10:00pm","https://www.habitburger.com/locations/lodi"
"https://www.habitburger.com","Habit Burger Grill","1335 W. Pacheco Boulevard","Los Banos","CA","93635","US","<MISSING>","(209) 826-2408      ","Restaurant","37.055771","-120.871460","Sun-Thurs 10:30am-10:00pm Fri-Sat 10:30am-11:00pm","https://www.habitburger.com/locations/los-banos"
"https://www.habitburger.com","Habit Burger Grill","1325 E. Yosemite Ave.","Manteca","CA","95336","US","<MISSING>","(209) 624-7710","Restaurant","37.797974","-121.195679","Mon-Sat 10:30am-12:00am Sun 10:30am-11:00pm","https://www.habitburger.com/locations/manteca"
"https://www.habitburger.com","Habit Burger Grill","1801 McHenry Avenue","Modesto","CA","95350","US","<MISSING>","(209) 571-1382","Restaurant","37.670761","-120.994934","Mon-Sat 10:30am-11:00pm Sun 10:30am-10:00pm","https://www.habitburger.com/locations/modesto"
"https://www.habitburger.com","Habit Burger Grill","1174 W. Henderson Ave.","Porterville","CA","93257","US","<MISSING>","(559) 854-9740","Restaurant","36.080944","-119.043053","Sun-Thurs 10:30am-10:00pm Fri-Sat 10:30am-11:00pm","https://www.habitburger.com/locations/porterville"
"https://www.habitburger.com","Habit Burger Grill","839 Higuera Street","San Luis Obispo","CA","93401","US","<MISSING>","(805) 542-0105","Restaurant","35.279861","-120.662735","Sun-Thu 10:30am-10:00pm Fri-Sat 10:30am-11:00pm","https://www.habitburger.com/locations/san-luis-obispo"
"https://www.habitburger.com","Habit Burger Grill","3110 E. Floral Avenue","Selma","CA","93662","US","<MISSING>","(559) 460-9575","Restaurant","36.576721","-119.632019","Mon-Sun 10:30am-11:00pm","https://www.habitburger.com/locations/selma"
"https://www.habitburger.com","Habit Burger Grill","2829 W. March Lane","Stockton","CA","95219","US","<MISSING>","(209) 955-1164","Restaurant","37.984509","-121.347160","Mon-Sun 10:30am-11:00pm","https://www.habitburger.com/locations/stockton"
"https://www.habitburger.com","Habit Burger Grill","5545 Laval Road","Tejon Ranch","CA","93203","US","<MISSING>","(661) 858-2639","Restaurant","34.990608","-118.942184","Sun-Thu 10:30am-10:00pm Fri-Sat 10:30am-11:00pm","https://www.habitburger.com/locations/tejon-ranch"
"https://www.habitburger.com","Habit Burger Grill","969 East Prosperity Ave.","Tulare","CA","93274","US","<MISSING>","(559) 837-1210","Restaurant","36.224312","-119.333221","Mon-Sun 10:30am-11:00pm","https://www.habitburger.com/locations/tulare"
"https://www.habitburger.com","Habit Burger Grill","2671 Countryside Drive","Turlock","CA","95380","US","<MISSING>","(209) 667-2755 ","Restaurant","37.514591","-120.877968","Mon-Sun 10:30am-12:00am","https://www.habitburger.com/locations/turlock"
"https://www.habitburger.com","Habit Burger Grill","604 S. Mooney Blvd.","Visalia","CA","93277","US","<MISSING>","(559) 625-5700","Restaurant","36.325024","-119.313591","Mon-Sat 10:30am-11:00pm Sun 10:30am-10:00pm","https://www.habitburger.com/locations/visalia"
"https://www.habitburger.com","Habit Burger Grill","29145 Canwood Street","Agoura Hills","CA","91301","US","<MISSING>","(818) 707-7300","Restaurant","34.146702","-118.759094","Mon-Sun 10:30am-10:00pm","https://www.habitburger.com/locations/agoura-hills"
"https://www.habitburger.com","Habit Burger Grill","100 E Main St.","Alhambra","CA","91801","US","<MISSING>","(626) 289-8851","Restaurant","34.095470","-118.125771","Sun-Thu 10:30am-10:00pm Fri-Sat 10:30am-11:00pm","https://www.habitburger.com/locations/alhambra"
"https://www.habitburger.com","Habit Burger Grill","834 E. Alosta Avenue","Azusa","CA","91702","US","<MISSING>","(626) 334-1800","Restaurant","34.128345","-117.891960","Sun-Thu 10:30am-10:00pm Fri-Sat 10:30am-11:00pm","https://www.habitburger.com/locations/azusa"
"https://www.habitburger.com","Habit Burger Grill","205 E. Hwy 246, #101","Buellton","CA","93427","US","<MISSING>","(805) 691-9053","Restaurant","34.611515","-120.188583","Mon-Sun 10:00am-9:00pm","https://www.habitburger.com/locations/buellton"
"https://www.habitburger.com","Habit Burger Grill","103 East Alameda Ave.","Burbank","CA","91502","US","<MISSING>","(818) 260-0083","Restaurant","34.174404","-118.300514","Mon-Sat 10:30am-11:00pm Sun 10:30am-10:00pm","https://www.habitburger.com/locations/burbank"
"https://www.habitburger.com","Habit Burger Grill","1855 Daily Dr.","Camarillo","CA","93010","US","<MISSING>","(805) 484-2950","Restaurant","34.218136","-119.045494","Mon-Sun 10:30am-10:00pm","https://www.habitburger.com/locations/camarillo"
"https://www.habitburger.com","Habit Burger Grill","11257 183rd St.","Cerritos","CA","90703","US","<MISSING>","(562) 402-1010 ","Restaurant","33.865944","-118.093567","Mon-Sun 10:30am-10:00pm","https://www.habitburger.com/locations/cerritos"
"https://www.habitburger.com","Habit Burger Grill","9243 Winnetka Ave.","Chatsworth","CA","91311","US","<MISSING>","(818) 773-0257","Restaurant","34.238617","-118.571602","Sun-Thu 10:30am-10:00pm Fri-Sat 10:30am-11:00pm","https://www.habitburger.com/locations/chatsworth"
"https://www.habitburger.com","Habit Burger Grill","8619 Firestone Blvd.","Downey","CA","90241","US","<MISSING>","(562) 869-9900","Restaurant","33.937386","-118.126572","Sun-Thu 10:30am-10:00pm Fri-Sat 10:30am-11:00pm","https://www.habitburger.com/locations/downey"
"https://www.habitburger.com","Habit Burger Grill","1155 East Huntington Drive","Duarte","CA","91010","US","<MISSING>","(626) 239-2219     ","Restaurant","34.139866","-117.980461","Sun-Thurs 10:30am-10:00pm Fri-Sat 10:30am-11:00pm","https://www.habitburger.com/locations/duarte"
"https://www.habitburger.com","Habit Burger Grill","3733 E. Foothill Blvd.","East Pasadena","CA","91107","US","<MISSING>","(626) 351-1122","Restaurant","34.151237","-118.073311","Sun-Thu 10:30am-10:00pm Fri-Sat 10:30am-11:00pm","https://www.habitburger.com/locations/pasadena"
"https://www.habitburger.com","Habit Burger Grill","311 N. Pacific Coast Hwy.","El Segundo","CA","90245","US","<MISSING>","(310) 524-9016","Restaurant","33.919987","-118.396500","Mon-Sat 10:30am-11:00pm Sun 10:30am-10:00pm","https://www.habitburger.com/locations/el-segundo"
"https://www.habitburger.com","Habit Burger Grill","17132 Ventura Blvd.","Encino","CA","91316","US","<MISSING>","(818) 783-6162","Restaurant","34.160221","-118.506607","Mon-Sun 10:30am-10:00pm","https://www.habitburger.com/locations/encino"
"https://www.habitburger.com","Habit Burger Grill","1410 W. Redondo Beach Blvd.","Gardena","CA","90247","US","<MISSING>","(424) 528-1700   ","Restaurant","33.890770","-118.300789","Mon-Sat 10:30am-12:00am Sun 10:30am-11:00pm","https://www.habitburger.com/locations/gardena"
"https://www.habitburger.com","Habit Burger Grill","249   Ave.","Glendale","CA","91206","US","<MISSING>","(818) 246-6095","Restaurant","34.149540","-118.246185","Mon-Sat 10:30am-11:00pm Sun 10:30am-10:00pm","https://www.habitburger.com/locations/glendale"
"https://www.habitburger.com","Habit Burger Grill","5735 Hollister Ave.","Goleta","CA","93117","US","<MISSING>","(805) 964-0366","Restaurant","34.435444","-119.824669","Mon-Sat 10:30am-9:00pm Sun 11:00am-8:00pm","https://www.habitburger.com/locations/goleta"
"https://www.habitburger.com","Habit Burger Grill","3245 Century Blvd.","Inglewood","CA","90303","US","<MISSING>","(310) 677-7136  ","Restaurant","33.945778","-118.328705","Mon-Sat 10:30am-12:00am Sun 10:30am-11:00pm","https://www.habitburger.com/locations/inglewood"
"https://www.habitburger.com","Habit Burger Grill","888 Embarcadero del Norte","Isla Vista","CA","93117","US","<MISSING>","(805) 685-7474","Restaurant","34.413197","-119.855240","Sun-Thu 10:00am-10:00pm Fri-Sat 10:00am-12:00am Sun 10:00am-9:00pm","https://www.habitburger.com/locations/isla-vista"
"https://www.habitburger.com","Habit Burger Grill","990 Town Center Drive","La Canada","CA","91011","US","<MISSING>","(818) 952-2910","Restaurant","34.205040","-118.199768","Sun-Thu 10:30am-10:00pm Fri-Sat 10:30am-11:00pm","https://www.habitburger.com/locations/la-canada"
"https://www.habitburger.com","Habit Burger Grill","1608 Foothill Blvd.","La Verne","CA","91750","US","<MISSING>","(909) 593-1640","Restaurant","34.115559","-117.772636","Mon-Sun: 10:30am-10pm","https://www.habitburger.com/locations/la-verne"
"https://www.habitburger.com","Habit Burger Grill","1037 West Avenue K","Lancaster","CA","93534","US","<MISSING>","(661) 429-2971","Restaurant","34.675220","-118.149345","Mon-Sat 10:30am-12:00am Sun 10:30am-11:00pm","https://www.habitburger.com/locations/lancaster"
"https://www.habitburger.com","Habit Burger Grill","1413 North H Street","Lompoc","CA","93436","US","<MISSING>","(805) 741-7330","Restaurant","34.662060","-120.458374","Sun-Thu 10:30am-9:00pm Fri-Sat 10:30am-10:00pm","https://www.habitburger.com/locations/lompoc"
"https://www.habitburger.com","Habit Burger Grill","3801 Lakewood Bl.","Long Beach","CA","90808","US","<MISSING>","(562) 425-1500","Restaurant","33.828140","-118.143028","8:00am-11:00am","https://www.habitburger.com/locations/long-beach"
"https://www.habitburger.com","Habit Burger Grill","2134 W. Sunset Boulevard","Los Angeles","CA","90026","US","<MISSING>","(213) 413-0076  ","Restaurant","34.077164","-118.264748","Sun-Thu 10:30am-10:00pm Fri-Sat 10:30am-11:00pm","https://www.habitburger.com/locations/echo-park"
"https://www.habitburger.com","Habit Burger Grill","7307 N. Figueroa Street","Los Angeles","CA","90041","US","<MISSING>","(323) 256-2629","Restaurant","34.136620","-118.188477","Sun-Thu 10:30am-10:00pm Fri-Sat 10:30am-11:00pm","https://www.habitburger.com/locations/eagle-rock"
"https://www.habitburger.com","Habit Burger Grill","201 World Way,  International Airport, Terminal 6","Los Angeles","CA","90045","US","<MISSING>","<MISSING>","Restaurant","33.940910","-118.401947","Mon-Sun 5:00am-11:00pm","https://www.habitburger.com/locations/lax"
"https://www.habitburger.com","Habit Burger Grill","McKay Hall, 1 LMU Drive","Los Angeles","CA","90045","US","<MISSING>","(310) 338-5999","Restaurant","33.968590","-118.418343","Sun-Thurs 11:30am-1:30am Fri-Sat 11:00am-2:30am","https://www.habitburger.com/locations/loyola-marymount-university"
"https://www.habitburger.com","Habit Burger Grill","University of Southern CaliforniaRonald Tutor Campus Center","Los Angeles","CA","90089","US","<MISSING>","<MISSING>","Restaurant","34.020298","-118.286308","Mon-Fri 10:30am-5:00pm Sat-Sun Closed","https://www.habitburger.com/locations/university-of-southern-california"
"https://www.habitburger.com","Habit Burger Grill","10370 Sepulveda Blvd.","Mission Hills","CA","91345","US","<MISSING>","(818) 639-0392  ","Restaurant","34.259193","-118.467255","Mon-Sat 10:30am-11:00pm Sun 10:30am-10:00pm","https://www.habitburger.com/locations/mission-hills"
"https://www.habitburger.com","Habit Burger Grill","545 N.  Blvd.","Montebello","CA","90640","US","<MISSING>","(323) 721-1356","Restaurant","34.018482","-118.105637","Sun-Thu 10:30am-10:00pm Fri-Sat 10:30am-11:00pm","https://www.habitburger.com/locations/montebello"
"https://www.habitburger.com","Habit Burger Grill","1025 Broadbeck Ln.","Newbury Park","CA","91320","US","<MISSING>","(805) 375-9227","Restaurant","34.192345","-118.937767","Mon-Sun 10:30am-10:00pm","https://www.habitburger.com/locations/newbury-park"
"https://www.habitburger.com","Habit Burger Grill","4770 Lankershim Blvd.","North Hollywood","CA","91602","US","<MISSING>","(818) 762-1995","Restaurant","34.157478","-118.369354","Mon-Sat 10:30am-11:00pm Sun 10:30am-10:00pm","https://www.habitburger.com/locations/north-hollywood"
"https://www.habitburger.com","Habit Burger Grill","9215 Reseda Blvd.","Northridge","CA","91324","US","<MISSING>","(818) 993-7113","Restaurant","34.237801","-118.536552","Mon-Sat 10:30am-12:00am Sun 10:30am-11:00pm","https://www.habitburger.com/locations/northridge"
"https://www.habitburger.com","Habit Burger Grill","12401 South  Blvd.","Norwalk","CA","90650","US","<MISSING>","(562) 863-3061","Restaurant","33.918774","-118.072952","Mon-Sun 10:30am-10:00pm","https://www.habitburger.com/locations/norwalk"
"https://www.habitburger.com","Habit Burger Grill","2350 Vineyard Dr.","Oxnard","CA","93030","US","<MISSING>","(805) 981-9919","Restaurant","34.228268","-119.175529","Mon-Sun 10:30am-10:00pm","https://www.habitburger.com/locations/oxnard"
"https://www.habitburger.com","Habit Burger Grill","748 W. Rancho Vista Blvd.","Palmdale","CA","93551","US","<MISSING>","(661) 575-9560","Restaurant","34.601257","-118.146034","Mon-Sat 10:30am-11:00pm Sun 10:30am-10:00pm","https://www.habitburger.com/locations/palmdale"
"https://www.habitburger.com","Habit Burger Grill","15754  Blvd","Paramount","CA","90723","US","<MISSING>","(562) 633-6364","Restaurant","33.889393","-118.159996","Sun-Thu 10:30am-10:00pm Fri-Sat 10:30am-11:00pm","https://www.habitburger.com/locations/paramount"
"https://www.habitburger.com","Habit Burger Grill","8988 Washington Blvd.","Pico Rivera","CA","90660","US","<MISSING>","(562) 948-2900","Restaurant","33.981922","-118.098427","Sun-Thu 10:30am-10:00pm Fri-Sat 10:30am-11:00pm","https://www.habitburger.com/locations/pico-rivera"
"https://www.habitburger.com","Habit Burger Grill","563 W. Channel Islands Blvd.","Port Hueneme","CA","93041","US","<MISSING>","(805) 382-0040","Restaurant","34.176579","-119.214333","Mon-Sat 10:30am-10:00pm   Sun 10:30am-9:30pm","https://www.habitburger.com/locations/port-hueneme"
"https://www.habitburger.com","Habit Burger Grill","4-B Peninsula Center","Rolling Hills Estates","CA","90274","US","<MISSING>","(310) 377-2044   ","Restaurant","33.775982","-118.376282","Mon-Sun 10:30am-10:00pm","https://www.habitburger.com/locations/rolling-hills"
"https://www.habitburger.com","Habit Burger Grill","3610  Blvd.","Rosemead","CA","91770","US","<MISSING>","(626) 280-8146","Restaurant","34.074371","-118.072174","Sun-Thu 10:30am-10:00pm Fri-Sat 10:30am-11:00pm","https://www.habitburger.com/locations/rosemead"
"https://www.habitburger.com","Habit Burger Grill","17490 Colima Road","Rowland Heights","CA","91748","US","<MISSING>","(626) 810-5787","Restaurant","33.990562","-117.924744","Sun-Thu 10:30am-10:00pm Fri-Sat 10:30am-11:00pm","https://www.habitburger.com/locations/rowland-heights"
"https://www.habitburger.com","Habit Burger Grill","216 S. Milpas","Santa Barbara","CA","93103","US","<MISSING>","(805) 962-7472","Restaurant","34.419155","-119.676041","Mon-Sat 10:30am-9:00pm Sun 11:00am-8:00pm","https://www.habitburger.com/locations/santa-barbara-milpas"
"https://www.habitburger.com","Habit Burger Grill","628 State St.","Santa Barbara","CA","93101","US","<MISSING>","(805) 892-5400","Restaurant","34.418598","-119.697403","Mon-Sat 10:30am-9:00pm Sun 11:00am-8:00pm","https://www.habitburger.com/locations/santa-barbara-state"
"https://www.habitburger.com","Habit Burger Grill","3890 La Cumbre Plaza Ln.","Santa Barbara","CA","93105","US","<MISSING>","(805) 687-5200","Restaurant","34.438473","-119.749825","Mon-Sat 10:30am-9:00pm Sun 11:00am-8:00pm","https://www.habitburger.com/locations/santa-barbara-la-cumbre"
"https://www.habitburger.com","Habit Burger Grill","19223 Golden Valley Rd.","Santa Clarita","CA","91387","US","<MISSING>","(661) 252-1487","Restaurant","34.392567","-118.466690","Sun-Thu 10:30am-10:00pm Fri-Sat 10:30am-11:00pm","https://www.habitburger.com/locations/santa-clarita"
"https://www.habitburger.com","Habit Burger Grill","985 E Beteravia Rd.","Santa Maria","CA","93454","US","<MISSING>","(805) 623-8542","Restaurant","34.924068","-120.420128","Mon-Fri 11:00am-2:30pm, 4:30pm-8:30pm Sat 12:00pm-2:30pm, 4:30pm-8:30pm Sun Closed","https://www.habitburger.com/locations/santa-maria"
"https://www.habitburger.com","Habit Burger Grill","3001 Wilshire Blvd.","Santa Monica","CA","90403","US","<MISSING>","(424) 537-5745","Restaurant","34.039440","-118.473755","Mon-Sun 10:30am-10:00pm","https://www.habitburger.com/locations/santa-monica"
"https://www.habitburger.com","Habit Burger Grill","2091 Madera Rd.","Simi Valley","CA","93065","US","<MISSING>","(805) 584-9007","Restaurant","34.273563","-118.797188","Mon-Sun 10:30am-10:00pm","https://www.habitburger.com/locations/west-simi-valley"
"https://www.habitburger.com","Habit Burger Grill","2906 Tapo Cyn. Blvd.","Simi Valley","CA","93065","US","<MISSING>","(805) 527-4500","Restaurant","34.286736","-118.717278","Mon-Sun 10:30am-10:00pm","https://www.habitburger.com/locations/simi-valley"
"https://www.habitburger.com","Habit Burger Grill","4791 Firestone Bl.","South Gate","CA","90280","US","<MISSING>","(323) 566-2240","Restaurant","33.952305","-118.183876","Sun-Thu 10:30am-10:00pm Fri-Sat 10:30am-11:00pm","https://www.habitburger.com/locations/south-gate"
"https://www.habitburger.com","Habit Burger Grill","3980 E.  Blvd.","Thousand Oaks","CA","91362","US","<MISSING>","(805) 230-2874","Restaurant","34.161224","-118.824364","Mon-Sat 10:30am-10:00pm Sun 10:30am-9:00pm","https://www.habitburger.com/locations/westlake-village"
"https://www.habitburger.com","Habit Burger Grill","11 East Hillcrest Dr.","Thousand Oaks","CA","91360","US","<MISSING>","(805) 494-1124","Restaurant","34.181675","-118.874779","Mon-Sun 10:30am-10:00pm","https://www.habitburger.com/locations/thousand-oaks"
"https://www.habitburger.com","Habit Burger Grill","3829  Blvd.","Torrance","CA","90503","US","<MISSING>","(310) 406-3063","Restaurant","33.837845","-118.354797","Sun-Thu 10:30am-10:00pm Fri-Sat 10:30am-11:00pm","https://www.habitburger.com/locations/torrance"
"https://www.habitburger.com","Habit Burger Grill","28251 Newhall Ranch Rd.","Valencia","CA","91355","US","<MISSING>","(661) 294-1071","Restaurant","34.440556","-118.577660","Mon-Sun 10:30am-10:00pm","https://www.habitburger.com/locations/rye-canyon"
"https://www.habitburger.com","Habit Burger Grill","25948 McBean Pkwy.","Valencia","CA","91355","US","<MISSING>","(661) 291-1575","Restaurant","34.405045","-118.551979","Mon-Sun 10:30am-10:00pm","https://www.habitburger.com/locations/valencia"
"https://www.habitburger.com","Habit Burger Grill","7221  Blvd.","Van Nuys","CA","91405","US","<MISSING>","(818) 781-7057","Restaurant","34.202072","-118.449203","Sun-Thu 10:30am-10:00pm Fri-Sat 10:30am-11:00pm","https://www.habitburger.com/locations/van-nuys"
"https://www.habitburger.com","Habit Burger Grill","487 E. Thompson Blvd.","Ventura","CA","93001","US","<MISSING>","(805) 667-2065","Restaurant","34.278496","-119.293427","Mon-Sun 10:30am-10:00pm","https://www.habitburger.com/locations/thompson"
"https://www.habitburger.com","Habit Burger Grill","4732 Telephone Rd.","Ventura","CA","93003","US","<MISSING>","(805) 676-1717","Restaurant","34.259476","-119.234383","Mon-Sun 10:30am-10:00pm","https://www.habitburger.com/locations/telephone"
"https://www.habitburger.com","Habit Burger Grill","2851 Eastland Center Drive","West Covina","CA","91791","US","<MISSING>","(626) 859-6666","Restaurant","34.073616","-117.882660","Sun-Thu 10:30am-10:00pm Fri-Sat 10:30am-11:00pm","https://www.habitburger.com/locations/west-covina"
"https://www.habitburger.com","Habit Burger Grill","15498  Blvd.","Whittier","CA","90603","US","<MISSING>","(562) 947-9400","Restaurant","33.945175","-117.996460","Sun-Thu 10:30am-10:00pm Fri-Sat 10:30am-11:00pm","https://www.habitburger.com/locations/whittier"
"https://www.habitburger.com","Habit Burger Grill","22651 Ventura Blvd.","Woodland Hills","CA","91364","US","<MISSING>","(818) 225-2231","Restaurant","34.167179","-118.620773","Mon-Sat 10:30am-11:00pm Sun 10:30am-10:00pm","https://www.habitburger.com/locations/woodland-hills"
"https://www.habitburger.com","Habit Burger Grill","26921 Aliso Creek Rd.","Aliso Viejo","CA","92656","US","<MISSING>","(949) 831-3116","Restaurant","33.571083","-117.724289","Sun-Thu 10:30am-10:00pm Fri-Sat 10:30am-11:00pm","https://www.habitburger.com/locations/aliso-viejo"
"https://www.habitburger.com","Habit Burger Grill","111 E. Katella Ave.","Anaheim","CA","92802","US","<MISSING>","(657) 456-7330","Restaurant","33.803818","-117.906151","Sun-Thurs 10:30am-10:00pm Fri-Sat 10:30am-11:00pm","https://www.habitburger.com/locations/anaheim-gateway"
"https://www.habitburger.com","Habit Burger Grill","8182 E. Santa Ana Canyon Rd.","Anaheim Hills","CA","92808","US","<MISSING>","(714) 998-8000","Restaurant","33.867992","-117.748085","Mon-Sun 10:30am-10:00pm","https://www.habitburger.com/locations/anaheim-hills"
"https://www.habitburger.com","Habit Burger Grill","5968 Orangethorpe Ave.","Buena Park","CA","90620","US","<MISSING>","(714) 690-0336","Restaurant","33.858299","-118.030922","Sun-Thu 10:30am-10:00pm Fri-Sat 10:30am-11:00pm","https://www.habitburger.com/locations/buena-park"
"https://www.habitburger.com","Habit Burger Grill","1510 Adams Ave","Costa Mesa","CA","92626","US","<MISSING>","(714) 241-1873","Restaurant","33.673641","-117.920006","Sun-Thu 10:30am-10:00pm Fri-Sat 10:30am-11:00pm","https://www.habitburger.com/locations/costa-mesa"
"https://www.habitburger.com","Habit Burger Grill","6830 Katella Ave.","Cypress","CA","90630","US","<MISSING>","(714) 892-1994","Restaurant","33.802547","-118.013573","Sun-Thu 10:30am-10:00pm Fri-Sat 10:30am-11:00pm","https://www.habitburger.com/locations/cypress"
"https://www.habitburger.com","Habit Burger Grill","32505 Golden Lantern St.","Dana Point","CA","92629","US","<MISSING>","(949) 248-1045","Restaurant","33.489883","-117.698257","Mon-Sun 8:00am-11:00am","https://www.habitburger.com/locations/dana-point"
"https://www.habitburger.com","Habit Burger Grill","17150 Brookhurst St","Fountain Valley","CA","92708","US","<MISSING>","(714) 378-0154  ","Restaurant","33.713703","-117.954361","8:00am-11:00am","https://www.habitburger.com/locations/fountain-valley"
"https://www.habitburger.com","Habit Burger Grill","101 E Orangethorpe Ave.","Fullerton","CA","92832","US","<MISSING>","(714) 773-0848","Restaurant","33.859783","-117.924004","Sun-Thu 10:30am-10:00pm Fri-Sat 10:30am-11:00pm","https://www.habitburger.com/locations/fullerton-orangethorpe"
"https://www.habitburger.com","Habit Burger Grill","2720 Nutwood Ave,","Fullerton","CA","92831","US","<MISSING>","(714) 871-9116","Restaurant","33.877808","-117.882019","Mon-Sun 10:30am-10:00pm","https://www.habitburger.com/locations/fullerton-nutwood"
"https://www.habitburger.com","Habit Burger Grill","18001 Beach Blvd.","Huntington Beach","CA","92648","US","<MISSING>","(714) 596-2200","Restaurant","33.700905","-117.989662","Sun-Thu 10:30am-10:00pm Fri-Sat 10:30am-11:00pm","https://www.habitburger.com/locations/huntington-beach"
"https://www.habitburger.com","Habit Burger Grill","4501 Campus Drive","Irvine","CA","92612","US","<MISSING>","(949) 823-0167","Restaurant","33.649059","-117.832077","Sun-Thu 10:30am-10:00pm Fri-Sat 10:30am-11:00pm","https://www.habitburger.com/locations/irvine-campus-dr"
"https://www.habitburger.com","Habit Burger Grill","14474 Culver Drive","Irvine","CA","92604","US","<MISSING>","(949) 552-5963","Restaurant","33.704689","-117.786903","Sun-Thu 10:30am-10:00pm Fri-Sat 10:30am-11:00pm","https://www.habitburger.com/locations/irvine-culver-dr"
"https://www.habitburger.com","Habit Burger Grill","2200 Barranca Pkwy","Irvine","CA","92606","US","<MISSING>","(949) 955-9467","Restaurant","33.699856","-117.835693","Sun-Thu 10:30am-11:00pm Fri-Sat 10:30am-12:00am","https://www.habitburger.com/locations/irvine-barranca"
"https://www.habitburger.com","Habit Burger Grill","14986 Imperial Highway","La Mirada","CA","90638","US","<MISSING>","(562) 777-1012","Restaurant","33.916752","-118.012291","Mon-Sun 10:30am-10:00pm","https://www.habitburger.com/locations/la-mirada"
"https://www.habitburger.com","Habit Burger Grill","23632 El Toro Rd.","Lake Forest","CA","92630","US","<MISSING>","(949) 206-9110","Restaurant","33.618595","-117.702286","Mon-Sun 10:30am-10:00pm","https://www.habitburger.com/locations/lake-forest"
"https://www.habitburger.com","Habit Burger Grill","27748 Crown Valley Parkway","Mission Viejo","CA","92691","US","<MISSING>","(949) 441-7203   ","Restaurant","33.559925","-117.671684","Mon-Sun 10:30am-10:00pm","https://www.habitburger.com/locations/mission-viejo"
"https://www.habitburger.com","Habit Burger Grill","1500 East Village Way","Orange","CA","92865","US","<MISSING>","(714) 282-1530","Restaurant","33.829044","-117.837563","Mon-Sun 10:30am-10:00pm","https://www.habitburger.com/locations/orange"
"https://www.habitburger.com","Habit Burger Grill","638 Camino De Los Mares","San Clemente","CA","92672","US","<MISSING>","(949) 488-7826","Restaurant","33.457985","-117.650833","Sun-Thu 10:30am-10:00pm Fri-Sat 10:30am-11:00pm","https://www.habitburger.com/locations/san-clemente"
"https://www.habitburger.com","Habit Burger Grill","2777 N. Main St.","Santa Ana","CA","92705","US","<MISSING>","(714) 550-1201","Restaurant","33.773548","-117.866821","Sun-Thu 10:30am-10:00pm Fri-Sat 10:30am-11:00pm","https://www.habitburger.com/locations/santa-ana"
"https://www.habitburger.com","Habit Burger Grill","15122 Goldenwest St","Westminster","CA","92683","US","<MISSING>","(657) 777-0877","Restaurant","33.742634","-118.006371","Mon-Sat 10:30am-12:00am Sun 10:30am-11:00pm","https://www.habitburger.com/locations/westminster"
"https://www.habitburger.com","Habit Burger Grill","18405  Blvd.","Yorba Linda","CA","92886","US","<MISSING>","(657) 366-2001","Restaurant","33.888329","-117.812630","Sun-Thurs 10:30am-10:00pm Fri-Sat 10:30am-11:00pm","https://www.habitburger.com/locations/yorba-linda"
"https://www.habitburger.com","Habit Burger Grill","2335 South 4th Street","El Centro","CA","92243","US","<MISSING>","(760) 997-7805","Restaurant","32.772617","-115.551430","Sun-Thurs 10:30am-11:00pm Fri-Sat 10:30am-12:00am","https://www.habitburger.com/locations/el-centro"
"https://www.habitburger.com","Habit Burger Grill","2860 Lenwood Road","Barstow","CA","92311","US","<MISSING>","(760) 253-2002","Restaurant","34.851341","-117.083603","Sun-Thu 10:30am-11:00pm Fri-Sat 10:30am-12:00am","https://www.habitburger.com/locations/barstow"
"https://www.habitburger.com","Habit Burger Grill","4200  Parkway","Chino Hills","CA","91709","US","<MISSING>","(909) 597-3344","Restaurant","33.983139","-117.713234","Sun-Thu 10:30am-10:00pm Fri-Sat 10:30am-11:00pm","https://www.habitburger.com/locations/chino-hills"
"https://www.habitburger.com","Habit Burger Grill","257 S.  Blvd.","Diamond Bar","CA","91765","US","<MISSING>","(909) 760-1700","Restaurant","34.021069","-117.810509","Sun-Thurs 10:30am-11:00pm Fri-Sat 10:30am-12:00am","https://www.habitburger.com/locations/diamond-bar"
"https://www.habitburger.com","Habit Burger Grill","12569 Limonite Ave.","Eastvale","CA","91752","US","<MISSING>","(951) 361-9490","Restaurant","33.975437","-117.557533","Mon-Sun 10:30am-10:00pm","https://www.habitburger.com/locations/eastvale"
"https://www.habitburger.com","Habit Burger Grill","13325 Main Street","Hesperia","CA","92345","US","<MISSING>","(760) 995-4159  ","Restaurant","34.426399","-117.372368","Mon-Sat 10:30am-10:00pm Sun 10:30am-9:30pm","https://www.habitburger.com/locations/hesperia"
"https://www.habitburger.com","Habit Burger Grill","79174 Highway 111","La Quinta","CA","92253","US","<MISSING>","(760) 564-6900","Restaurant","33.708302","-116.283028","Mon-Sun 10:30am-10:00pm","https://www.habitburger.com/locations/la-quinta"
"https://www.habitburger.com","Habit Burger Grill","30067 Haun Rd.","Menifee","CA","92584","US","<MISSING>","(951) 672-2295","Restaurant","33.684875","-117.176155","Mon-Sun 10:30am-10:00pm","https://www.habitburger.com/locations/menifee"
"https://www.habitburger.com","Habit Burger Grill","12560 Day Street","Moreno Valley","CA","92553","US","<MISSING>","(951) 455-4340","Restaurant","33.937885","-117.278687","Sun-Thurs 10:30am-11:00pm Fri-Sat 10:30am-12:00am","https://www.habitburger.com/locations/moreno-valley"
"https://www.habitburger.com","Habit Burger Grill","40436  Hot Springs Road","Murrieta","CA","92563","US","<MISSING>","(951) 696-2288","Restaurant","33.554890","-117.176971","Mon-Sun 10:30am-10:00pm","https://www.habitburger.com/locations/murrieta"
"https://www.habitburger.com","Habit Burger Grill","73393 Highway 111","Palm Desert","CA","92260","US","<MISSING>","(442) 282-5168","Restaurant","33.721123","-116.384483","Mon-Sun 10:30am-10:00pm","https://www.habitburger.com/locations/palm-desert"
"https://www.habitburger.com","Habit Burger Grill","3555 Riverside Plaza Dr.","RIVERSIDE","CA","92506","US","<MISSING>","(951) 248-0156","Restaurant","33.955498","-117.390633","Sun-Thu 10:30am-10:00pm Fri-Sat 10:30am-11:00pm","https://www.habitburger.com/locations/riverside-plaza"
"https://www.habitburger.com","Habit Burger Grill","10895 Foothill Blvd.","Rancho Cucamonga","CA","91730","US","<MISSING>","(909) 476-3014   ","Restaurant","34.106403","-117.567101","Sun-Thu 10:30am-10:00pm Fri-Sat 10:30am-11:00pm","https://www.habitburger.com/locations/rancho-cucamonga"
"https://www.habitburger.com","Habit Burger Grill","27511 San Bernardino Ave.","Redlands","CA","92374","US","<MISSING>","(909) 792-8855   ","Restaurant","34.074352","-117.204971","Sun-Thu 10:30am-10:00pm Fri-Sat 10:30am-11:00pm","https://www.habitburger.com/locations/redlands"
"https://www.habitburger.com","Habit Burger Grill","1205 W. Renaissance Pkwy.","Rialto","CA","92376","US","<MISSING>","(909) 990-1565 ","Restaurant","34.133865","-117.395142","Mon-Sat 10:30am-12:00am Sun 10:30am-11:00pm","https://www.habitburger.com/locations/rialto"
"https://www.habitburger.com","Habit Burger Grill","900 University Avenue","Riverside","CA","92521","US","<MISSING>","(951) 827-7321   ","Restaurant","33.975426","-117.331596","Mon-Fri 8:00am-10:00pm Sat 11:30am-5:00pm Sun Closed  9/28 - Closed","https://www.habitburger.com/locations/university-of-california-riverside"
"https://www.habitburger.com","Habit Burger Grill","3510 Tyler St.","Riverside","CA","92503","US","<MISSING>","(951) 689-0545","Restaurant","33.907124","-117.458069","Mon-Sun 10:30am-10:00pm","https://www.habitburger.com/locations/riverside-tyler"
"https://www.habitburger.com","Habit Burger Grill","8432 Magnolia Ave","Riverside","CA","92504","US","<MISSING>","(951) 343-4602","Restaurant","33.929073","-117.426849","Closed for summer","https://www.habitburger.com/locations/california-baptist-university"
"https://www.habitburger.com","Habit Burger Grill","470 N. Lone Hill Ave.","San Dimas","CA","91773","US","<MISSING>","(909) 592-3322","Restaurant","34.111736","-117.828453","Mon-Sat 10:30am-10:00pm Sun 10:30am-9:30pm","https://www.habitburger.com/locations/san-dimas"
"https://www.habitburger.com","Habit Burger Grill","1071 East 19th Street","Upland","CA","91784","US","<MISSING>","(909) 949-2300","Restaurant","34.132313","-117.636368","Sun-Thu 10:30am-10:00pm Fri-Sat 10:30am-11:00pm","https://www.habitburger.com/locations/upland-e-19th"
"https://www.habitburger.com","Habit Burger Grill","1213 W. Foothill Bl.","Upland","CA","91786","US","<MISSING>","(909) 932-1100","Restaurant","34.108604","-117.670601","Sun-Thu 10:30am-11:00pm Fri-Sat 10:30am-12:00am","https://www.habitburger.com/locations/upland-foothill"
"https://www.habitburger.com","Habit Burger Grill","11608 Amargosa Road","Victorville","CA","92392","US","<MISSING>","(760) 947-2551 ","Restaurant","34.463528","-117.352066","Sun-Thu 10:30am-11:00pm Fri-Sat 10:30am-12:00am","https://www.habitburger.com/locations/victorville"
"https://www.habitburger.com","Habit Burger Grill","36350 Hidden Springs Rd","Wildomar","CA","92595","US","<MISSING>","(951) 678-0766    ","Restaurant","33.592243","-117.245087","Sun-Thu 10:30am-11:00pm Fri-Sat 10:30am-12:00am","https://www.habitburger.com/locations/wildomar"
"https://www.habitburger.com","Habit Burger Grill","7610 Via Campanile","Carlsbad","CA","92009","US","<MISSING>","(760) 436-7703","Restaurant","33.082443","-117.233101","Mon-Sun 10:30am-10:00pm","https://www.habitburger.com/locations/la-costa"
"https://www.habitburger.com","Habit Burger Grill","1446  Blvd.","Encinitas","CA","92024","US","<MISSING>","(760) 944-4541","Restaurant","33.046131","-117.257881","Mon-Sun 10:30am-10:00pm","https://www.habitburger.com/locations/encinitas"
"https://www.habitburger.com","Habit Burger Grill","720 N. Centre City Parkway","Escondido","CA","92025","US","<MISSING>","(760) 790-5425","Restaurant","33.123474","-117.089607","Mon-Sat 10:30am-12:00am Sun 10:30am-11:00pm","https://www.habitburger.com/locations/escondido"
"https://www.habitburger.com","Habit Burger Grill","8216 Parkway Drive","La Mesa","CA","91942","US","<MISSING>","(619) 644- 3405","Restaurant","32.776886","-117.020546","Mon-Sun 10:30am-10:00pm","https://www.habitburger.com/locations/la-mesa"
"https://www.habitburger.com","Habit Burger Grill","2267 S. El Camino Real","Oceanside","CA","92054","US","<MISSING>","(760) 433-3390","Restaurant","33.184299","-117.327911","Mon-Sun 10:30am-10:00pm","https://www.habitburger.com/locations/oceanside"
"https://www.habitburger.com","Habit Burger Grill","12002 Carmel Mountain Rd.","San Diego","CA","92128","US","<MISSING>","(858) 485-9991","Restaurant","32.983494","-117.076546","Mon-Sun 10:30am-10:00pm","https://www.habitburger.com/locations/carmel-mountain"
"https://www.habitburger.com","Habit Burger Grill","3455 Sports Arena Blvd.","San Diego","CA","92110","US","<MISSING>","(619) 224-1026","Restaurant","32.752991","-117.210022","Mon-Sun 10:30am-10:00pm","https://www.habitburger.com/locations/point-loma"
"https://www.habitburger.com","Habit Burger Grill","845 Camino De La Reina","San Diego","CA","92108","US","<MISSING>","(619) 299-9913","Restaurant","32.766792","-117.156837","Mon-Sun 10:30am-11:00pm","https://www.habitburger.com/locations/mission-valley"
"https://www.habitburger.com","Habit Burger Grill","4175 Genesee Ave","San Diego","CA","92111","US","<MISSING>","(858) 277-1089","Restaurant","32.818565","-117.181152","Mon-Sun 10:30am-10:00pm","https://www.habitburger.com/locations/clairemont-mesa"
"https://www.habitburger.com","Habit Burger Grill","8340 Mira Mesa Blvd.","San Diego","CA","92126","US","<MISSING>","(858) 527-0074","Restaurant","32.913517","-117.144341","Sun-Thu 10:30am-11:00pm Fri-Sat 10:30am-12:00am","https://www.habitburger.com/locations/mira-mesa"
"https://www.habitburger.com","Habit Burger Grill","5500 Campanile Dr. Aztec Student Union","San Diego","CA","92182","US","<MISSING>","(619) 582-1365","Restaurant","32.773846","-117.070114","Mon-Fri 11:00am-5:00pm Sat, Sun Closed *Hours subject to change due to school activities. ","https://www.habitburger.com/locations/san-diego-state-university"
"https://www.habitburger.com","Habit Burger Grill","727 W.  Blvd.","San Marcos","CA","92078","US","<MISSING>","(760) 891-0542","Restaurant","33.136215","-117.178978","Mon-Sun 10:30am-10:00pm","https://www.habitburger.com/locations/san-marcos"
"https://www.habitburger.com","Habit Burger Grill","909 Lomas Santa Fe Drive","Solana Beach","CA","90275","US","<MISSING>","(858) 523-9697","Restaurant","32.995193","-117.254829","Mon-Sun 10:30am-10:00pm","https://www.habitburger.com/locations/solana-beach"
"https://www.habitburger.com","Habit Burger Grill","32068  Pkwy","Temecula","CA","92592","US","<MISSING>","(951) 302-1911","Restaurant","33.481537","-117.098145","Mon-Sun 10:30am-10:00pm","https://www.habitburger.com/locations/temecula"
"https://www.habitburger.com","Habit Burger Grill","10155 W. McDowell Rd.","Avondale","AZ","85392","US","<MISSING>","(623) 936-1889","Restaurant","33.464558","-112.277969","Mon-Sat 10:30am-11:00pm Sun 10:30am-10:00pm","https://www.habitburger.com/locations/avondale"
"https://www.habitburger.com","Habit Burger Grill","960 N. 54th Street","Chandler","AZ","85226","US","<MISSING>","(480) 705-0306","Restaurant","33.318913","-111.969604","Mon-Sat 10:30am-10:00pm Sun 10:30am-9:00pm","https://www.habitburger.com/locations/chandler"
"https://www.habitburger.com","Habit Burger Grill","1400 S. Milton Road","Flagstaff","AZ","86001","US","<MISSING>","(928) 226-6479   ","Restaurant","35.187008","-111.661125","Mon-Sat 10:30am-11:00pm Sun 10:30am-10:00pm","https://www.habitburger.com/locations/flagstaff"
"https://www.habitburger.com","Habit Burger Grill","2975 South Market St.","Gilbert","AZ","85295","US","<MISSING>","(480) 726-2089","Restaurant","33.297531","-111.747696","Mon-Sun 10:30am-11:00pm","https://www.habitburger.com/locations/gilbert"
"https://www.habitburger.com","Habit Burger Grill","7870 West Bell Road","Glendale","AZ","85308","US","<MISSING>","(623) 486-2915  ","Restaurant","33.638725","-112.228607","Mon-Sun 10:30am-10:00pm","https://www.habitburger.com/locations/glendale-az"
"https://www.habitburger.com","Habit Burger Grill","745 E. Glendale Ave.","Phoenix","AZ","85020","US","<MISSING>","(602) 265-1815","Restaurant","33.538017","-112.063202","Mon-Sun 10:30am-10:00pm","https://www.habitburger.com/locations/central-phoenix"
"https://www.habitburger.com","Habit Burger Grill","3400 E. Sky Harbor BlvdTerminal 3","Phoenix","AZ","85034","US","<MISSING>","<MISSING>","Restaurant","33.436729","-112.008514","Mon-Sun 6:00am-7:00pm","https://www.habitburger.com/locations/phoenix-airport"
"https://www.habitburger.com","Habit Burger Grill","530 W. McDowell Road","Phoenix","AZ","85003","US","<MISSING>","(602) 254-2931","Restaurant","33.466061","-112.081635","Sun-Thu 10:30am-10:00pm Fri-Sat 10:30am-11:00pm","https://www.habitburger.com/locations/mid-phoenix"
"https://www.habitburger.com","Habit Burger Grill","Grand Canyon University, Student Union Building 29","Phoenix","AZ","85017","US","<MISSING>","<MISSING>","Restaurant","33.513496","-112.129974","Wed-Sun 8:00am-4:00pm  Mon-Tues Closed","https://www.habitburger.com/locations/grand-canyon-university"
"https://www.habitburger.com","Habit Burger Grill","4575 E. Cactus Rd.","Phoenix","AZ","85032","US","<MISSING>","(602) 867-0904","Restaurant","33.599216","-111.983444","Mon-Sat 10:30am-10:00pm Sun 10:30am-9:00pm","https://www.habitburger.com/locations/paradise-valley"
"https://www.habitburger.com","Habit Burger Grill","16495 N.  Road","Scottsdale","AZ","85254","US","<MISSING>","(480) 998-1050","Restaurant","33.636337","-111.921394","Mon-Sat 10:30am-10:00pm Sun 10:30am-9:00pm","https://www.habitburger.com/locations/north-scottsdale"
"https://www.habitburger.com","Habit Burger Grill","1817 E. Guadalupe Road","South Tempe","AZ","85283","US","<MISSING>","(480) 456-8912","Restaurant","33.362816","-111.910721","Mon-Sun 10:30am-10:00pm","https://www.habitburger.com/locations/south-tempe"
"https://www.habitburger.com","Habit Burger Grill","5721 E. Broadway Boulevard","Tucson","AZ","85711","US","<MISSING>","(520) 838-0691   ","Restaurant","32.222069","-110.870491","Mon-Sun 10:30am-11:00pm","https://www.habitburger.com/locations/tucson"
"https://www.habitburger.com","Habit Burger Grill","4874 South Landing Way","Tucson","AZ","85714","US","<MISSING>","(520) 889-5205","Restaurant","32.163822","-110.988960","Mon-Sun 10:30am-11:00pm","https://www.habitburger.com/locations/tucson-irvington"
"https://www.habitburger.com","Habit Burger Grill","1730 East Craig Road"," North Las Vegas","NV","89081","US","<MISSING>","(702) 906-1111 ","Restaurant","36.239883","-115.123283","Sun-Thurs 10:30am-10:00pm Fri-Sat 10:30am-11:00pm","https://www.habitburger.com/locations/craig-road"
"https://www.habitburger.com","Habit Burger Grill","543 North Stephanie Street","Henderson","NV","89014","US","<MISSING>","(702) 547-4352","Restaurant","36.058975","-115.046669","Sun-Thu 10:30am-10:00pm Fri-Sat 10:30am-11:00pm","https://www.habitburger.com/locations/henderson"
"https://www.habitburger.com","Habit Burger Grill","4830 Blue Diamond Rd.","Las Vegas","NV","89139","US","<MISSING>","(702) 260-0050","Restaurant","36.033730","-115.207016","Sun-Thurs 10:30am-10:00pm Fri-Sat 10:30am-11:00pm","https://www.habitburger.com/locations/blue-diamond"
"https://www.habitburger.com","Habit Burger Grill","3200 S.  Blvd.","Las Vegas","NV","89109","US","<MISSING>","(702) 369-0623   ","Restaurant","36.127224","-115.171555","Mon-Sat 10:00am-9:00pm Sun 10:30am-7:00pm","https://www.habitburger.com/locations/fashion-show-mall"
"https://www.habitburger.com","Habit Burger Grill","1150 S. Nellis Blvd.","Las Vegas","NV","89104","US","<MISSING>","(702) 659-6207","Restaurant","36.158665","-115.062050","Sun-Thurs 10:30am-10:00pm Fri-Sat 10:30am-11:00pm","https://www.habitburger.com/locations/nellis"
"https://www.habitburger.com","Habit Burger Grill","365 Hughes Center Dr.","Las Vegas","NV","89169","US","<MISSING>","(702) 838-0593","Restaurant","36.115013","-115.155579","Sun-Thurs 10:30am-10:00pm Fri-Sat 10:30am-11:00pm","https://www.habitburger.com/locations/las-vegas"
"https://www.habitburger.com","Habit Burger Grill","6482 N. Decatur Blvd,","North Las Vegas","NV","89131","US","<MISSING>","(702) 586-1488 ","Restaurant","36.277149","-115.206055","Sun-Thu 10:30am-10:00pm Fri-Sat 10:30am-11:00pm","https://www.habitburger.com/locations/decatur"
"https://www.habitburger.com","Habit Burger Grill","500 North Sierra St.","Reno","NV","89503","US","<MISSING>","(775) 329-0711","Restaurant","39.530979","-119.815971","Sun-Thu 11:00am-11:00pm Fri-Sat 11:00am-12:00am","https://www.habitburger.com/locations/reno"
"https://www.habitburger.com","Habit Burger Grill","1370 Big Fish Drive","Sparks","NV","89434","US","<MISSING>","(775) 571-3425","Restaurant","39.531815","-119.717361","Mon-Sat 10:30am-12:00am Sun 10:30am-11:00pm","https://www.habitburger.com/locations/sparks"
"https://www.habitburger.com","Habit Burger Grill","232 NW State Road #101","American Fork","UT","84003","US","<MISSING>","(801) 756-1453","Restaurant","40.382069","-111.813774","Mon-Sat 10:30am-10:00pm Sun 10:30am-9:00pm","https://www.habitburger.com/locations/american-fork"
"https://www.habitburger.com","Habit Burger Grill","6993 S. Park Centre Drive","Cottonwood Heights","UT","84121","US","<MISSING>","(801) 561-1267","Restaurant","40.624161","-111.850761","Mon-Sat 10:30am-10:00pm Sun 10:30am-9:00pm","https://www.habitburger.com/locations/fort-union"
"https://www.habitburger.com","Habit Burger Grill","260 N. Union Avenue","Farmington","UT","84025","US","<MISSING>","(801) 447-8404","Restaurant","40.985291","-111.907837","Mon-Sat 10:30am-10:00pm Sun 10:30am-9:00pm","https://www.habitburger.com/locations/farmington"
"https://www.habitburger.com","Habit Burger Grill","508 W. Antelope Drive","Layton","UT","84041","US","<MISSING>","(801) 825-2434","Restaurant","41.089668","-111.975662","Mon-Sat 10:30am-10:00pm Sun 10:30am-9:00pm","https://www.habitburger.com/locations/layton"
"https://www.habitburger.com","Habit Burger Grill","2245 N. University Parkway","Provo","UT","84604","US","<MISSING>","(385) 254-0940","Restaurant","40.263287","-111.668846","Mon-Sat 10:30am-11:00pm Sun 10:30am-10:00pm","https://www.habitburger.com/locations/provo"
"https://www.habitburger.com","Habit Burger Grill","839 W.  Rd","Riverdale","UT","84405","US","<MISSING>","(385) 298-0200","Restaurant","41.179817","-111.996132","Mon-Sat 10:30am-11:00pm Sun 10:30am-10:00pm","https://www.habitburger.com/locations/ogden"
"https://www.habitburger.com","Habit Burger Grill","2121 S. McClelland","Salt Lake City","UT","84106","US","<MISSING>","(801) 484-6132","Restaurant","40.724632","-111.861191","Mon-Sat 10:30am-10:00pm Sun 10:30am-9:00pm","https://www.habitburger.com/locations/sugar-house"
"https://www.habitburger.com","Habit Burger Grill","11380 S. State St.","Sandy","UT","84070","US","<MISSING>","(801) 571-1725","Restaurant","40.544914","-111.891602","Mon-Sat 10:30am-10:00pm Sun 10:30am-9:00pm","https://www.habitburger.com/locations/sandy"
"https://www.habitburger.com","Habit Burger Grill","11428 S. Parkway Plaza","South Jordan","UT","84095","US","<MISSING>","(801) 495-4267   ","Restaurant","40.543724","-111.980232","Mon-Sat 10:30am-10:00pm Sun 10:30am-9:00pm","https://www.habitburger.com/locations/south-jordan"
"https://www.habitburger.com","Habit Burger Grill","15 South River Rd.","St. George","UT","84790","US","<MISSING>","(435) 673-3345","Restaurant","37.106724","-113.554718","Mon-Sat 10:30am-10:00pm Sun 10:30am-9:00pm","https://www.habitburger.com/locations/st-george"
"https://www.habitburger.com","Habit Burger Grill","7677 South Jordan Landing Blvd.","West Jordan","UT","84084","US","<MISSING>","(801) 282-8307","Restaurant","40.611355","-111.985481","Mon-Sat 10:30am-10:00pm Sun 10:30am-9:00pm","https://www.habitburger.com/locations/west-jordan"
"https://www.habitburger.com","Habit Burger Grill","2206 N. Eagle Rd.","Meridian","ID","83646","US","<MISSING>","(208) 895-9975  ","Restaurant","43.625053","-116.353554","Mon-Sat 10:30-10:00pm Sun 10:30-9pm ","https://www.habitburger.com/locations/meridian"
"https://www.habitburger.com","Habit Burger Grill","16291 N Marketplace Blvd.","Nampa","ID","83687","US","<MISSING>","(208) 461-0844      ","Restaurant","43.609856","-116.592163","Mon-Sat 10:30am-11:00pm Sun 10:30am-10:00pm","https://www.habitburger.com/locations/nampa"
"https://www.habitburger.com","Habit Burger Grill","1925 Fillmore St.","Twin Falls","ID","83301","US","<MISSING>","(208) 735-3905      ","Restaurant","42.594555","-114.463737","Mon-Sat 10:30am-11:00pm Sun 10:30am-10:00pm","https://www.habitburger.com/locations/twin-falls"
"https://www.habitburger.com","Habit Burger Grill","1676 9th Avenue NE","Issaquah","WA","98029","US","<MISSING>","(425) 677-8014","Restaurant","47.543594","-122.020187","Sun-Thurs 10:30am-10:00pm Fri-Sat 10:30am-11:00pm","https://www.habitburger.com/locations/issaquah"
"https://www.habitburger.com","Habit Burger Grill","12900 SE  Kangley Rd","Kent","WA","98030","US","<MISSING>","(253) 630-5337","Restaurant","47.359440","-122.167412","Sun-Thurs 10:30am-10:00pm Fri-Sat 10:30am-11:00pm","https://www.habitburger.com/locations/kent"
"https://www.habitburger.com","Habit Burger Grill","3501 SW Avalon Way","Seattle","WA","98126","US","<MISSING>","(206) 932-2186","Restaurant","47.564079","-122.376457","Mon-Sun 10:30am-11:00pm","https://www.habitburger.com/locations/west-seattle"
"https://www.habitburger.com","Habit Burger Grill","907 NW Ballard Way","Seattle","WA","98107","US","<MISSING>","(206) 659-0756","Restaurant","47.662560","-122.369629","Mon-Sun 10:30am-10:00pm","https://www.habitburger.com/locations/ballard"
"https://www.habitburger.com","Habit Burger Grill","1253 North 205th Street","Shoreline","WA","98133","US","<MISSING>","(206) 542-7551","Restaurant","47.777798","-122.345413","Mon-Sun 10:30am-10:00pm","https://www.habitburger.com/locations/shoreline"
"https://www.habitburger.com","Habit Burger Grill","11196 Pacific Crest Place","Silverdale","WA","98383","US","<MISSING>","(360) 204-5615","Restaurant","47.646027","-122.698036","Mon-Sun 10:00am-10:00pm","https://www.habitburger.com/locations/silverdale"
"https://www.habitburger.com","Habit Burger Grill","2601 N. Pearl St","Tacoma","WA","98407","US","<MISSING>","(253) 759-3116 ","Restaurant","47.271568","-122.515198","Mon-Sun 10:30am-10:00pm","https://www.habitburger.com/locations/tacoma"
"https://www.habitburger.com","Habit Burger Grill","17025 Southcenter Pkwy","Tukwila","WA","98188","US","<MISSING>","(253) 236-5821","Restaurant","47.450245","-122.262489","Mon-Sun 10:30am-10:00pm","https://www.habitburger.com/locations/tukwila"
"https://www.habitburger.com","Habit Burger Grill","314 Chimney Rock Rd.","Bound Brook","NJ","08805","US","<MISSING>","(732) 469-4693  ","Restaurant","40.577042","-74.559547","Mon-Sat 10:30am-10:00pm   Sun 10:30am-9:00pm","https://www.habitburger.com/locations/bridgewater"
"https://www.habitburger.com","Habit Burger Grill","706 Haddonfield Road","Cherry Hill","NJ","08002","US","<MISSING>","(856) 488-0459   ","Restaurant","39.929703","-75.031509","Mon-Sat 10:30am-10:00pm Sun 10:30am-9:30pm","https://www.habitburger.com/locations/cherry-hill"
"https://www.habitburger.com","Habit Burger Grill","178 Route 35 South","Eatontown","NJ","07724","US","<MISSING>","(732) 544-5401","Restaurant","40.291740","-74.053261","Mon-Sat 10:30am-10:00pm Sun 10:30am-9:30pm","https://www.habitburger.com/locations/eatontown"
"https://www.habitburger.com","Habit Burger Grill","3101 Promenade Blvd.","Fair Lawn","NJ","07410","US","<MISSING>","(201) 475-3800","Restaurant","40.943314","-74.128746","Mon-Sun 10:30am-10:00pm","https://www.habitburger.com/locations/fair-lawn"
"https://www.habitburger.com","Habit Burger Grill","185 Ridgedale Ave","Florham Park","NJ","07932","US","<MISSING>","(973) 629-8680","Restaurant","40.787529","-74.391167","Mon-Sun 10:30am-11:00pm","https://www.habitburger.com/locations/florham-park"
"https://www.habitburger.com","Habit Burger Grill","3371 U.S. Highway 1","Lawrence Township","NJ","08648","US","<MISSING>","(609) 356-0497","Restaurant","40.298561","-74.683968","Mon-Sat 10:30am-10:00pm Sun 10:30am-9:30pm","https://www.habitburger.com/locations/lawrenceville"
"https://www.habitburger.com","Habit Burger Grill","22 Farm View Road","Montvale","NJ","07645","US","<MISSING>","(201) 391-2407    ","Restaurant","41.049828","-74.061165","Mon-Sun 10:30am-10:00pm","https://www.habitburger.com/locations/montvale"
"https://www.habitburger.com","Habit Burger Grill","3043 Route 46","Parsippany","NJ","07054","US","<MISSING>","(973) 794-6861","Restaurant","40.869572","-74.421898","Mon-Sun 10:30am-10:00pm","https://www.habitburger.com/locations/parsippany"
"https://www.habitburger.com","Habit Burger Grill","1081 Main Street","River Edge","NJ","07661","US","<MISSING>","(201) 489-4400","Restaurant","40.912651","-74.037712","Mon-Sun 10:30am-10:00pm","https://www.habitburger.com/locations/river-edge"
"https://www.habitburger.com","Habit Burger Grill","3 Landing Drive","Teterboro ","NJ","07068","US","<MISSING>","(201) 288-4629","Restaurant","40.861244","-74.061485","Mon-Sun 10:30am-10:00pm","https://www.habitburger.com/locations/teterboro"
"https://www.habitburger.com","Habit Burger Grill","120 Village Drive","King of Prussia","PA","19406","US","<MISSING>","(484) 679-8790","Restaurant","40.084511","-75.403259","Mon-Sat 10:30am-10:00pm Sun 10:30am-9:30pm","https://www.habitburger.com/locations/king-of-prussia"
"https://www.habitburger.com","Habit Burger Grill","464 N. Frederick Avenue","Gaithersburg","MD","20877","US","<MISSING>","(301) 947-8700 ","Restaurant","39.148483","-77.207764","Mon-Sat 10:30am-10:00pm Sun 10:30am-9:30pm","https://www.habitburger.com/locations/gaithersburg"
"https://www.habitburger.com","Habit Burger Grill","4502 Van Buren St.","Riverdale Park","MD","20737","US","<MISSING>","(240) 860-0700","Restaurant","38.970039","-76.936996","Mon-Sat 10:30am-10:00pm Sun 10:30am-9:30pm","https://www.habitburger.com/locations/riverdale-park"
"https://www.habitburger.com","Habit Burger Grill","895-A  Pike","Rockville","MD","20852","US","<MISSING>","(301) 417-8416","Restaurant","39.074512","-77.136795","Mon-Sat 10:30am-10:00pm Sun 10:30am-9:30pm","https://www.habitburger.com/locations/rockville"
"https://www.habitburger.com","Habit Burger Grill","2980 Festival Way","Waldorf","MD","20601","US","<MISSING>","(301) 705-5162","Restaurant","38.627254","-76.911438","Mon-Sat 10:30am-10:00pm Sun 10:30am-9:30pm","https://www.habitburger.com/locations/waldorf"
"https://www.habitburger.com","Habit Burger Grill","19855 Belmont Chase Dr.","Ashburn","VA","20147","US","<MISSING>","(703) 724-4471","Restaurant","39.067120","-77.485100","Mon-Sat 10:30am-10:00pm Sun 10:30am-9:30pm","https://www.habitburger.com/locations/ashburn"
"https://www.habitburger.com","Habit Burger Grill","14385 Newbrook Dr.","Chantilly","VA","20151","US","<MISSING>","(703) 263-8420","Restaurant","38.876293","-77.443672","Mon-Sat 10:30am-10:00pm Sun 10:30am-9:30pm","https://www.habitburger.com/locations/chantilly"
"https://www.habitburger.com","Habit Burger Grill","11309 Midlothian Turnpike","Richmond","VA","23235","US","<MISSING>","(804) 351-8635","Restaurant","37.505116","-77.605614","Sun-Sat 10:30am-11:00pm","https://www.habitburger.com/locations/richmond"
"https://www.habitburger.com","Habit Burger Grill","209 S. Kings Dr.","Charlotte","NC","28204","US","<MISSING>","(980) 273-1760","Restaurant","35.214329","-80.833237","Mon-Sat 10:30am-10:00pm Sun 10:30am-9:00pm","https://www.habitburger.com/locations/charlotte"
"https://www.habitburger.com","Habit Burger Grill","3125 Gammon Lane","Clemmons","NC","27012","US","<MISSING>","(336) 933-8392","Restaurant","36.040974","-80.388802","Sun-Thurs 10:30am-10:00pm Fri-Sat 10:30am-11:00pm","https://www.habitburger.com/locations/clemmons"
"https://www.habitburger.com","Habit Burger Grill","5560 North Military Trail","Boca Raton","FL","33496","US","<MISSING>","(561) 241-8466","Restaurant","26.397898","-80.120613","Mon-Sat 10:30am-10:00pm Sun 10:30am-9:00pm","https://www.habitburger.com/locations/boca-raton"
"https://www.habitburger.com","Habit Burger Grill","1831 South Federal Hwy","Delray Beach","FL","33483","US","<MISSING>","(561) 265-0934","Restaurant","26.439068","-80.070396","Mon-Sat 10:30am-10:00pm Sun 10:30am-9:30pm","https://www.habitburger.com/locations/delray-beach"
"https://www.habitburger.com","Habit Burger Grill","9971 West Flagler St.","Miami","FL","33174","US","<MISSING>","(305) 229-0915","Restaurant","25.769363","-80.357796","Sun-Thu 10:30am-10:00pm Fri-Sat 10:30am-11:00pm","https://www.habitburger.com/locations/miami"
"https://www.habitburger.com","Habit Burger Grill","3333 Northlake Blvd.","Palm Beach Gardens","FL","33403","US","<MISSING>","(561) 660-5178","Restaurant","26.809168","-80.088577","Mon-Sat 10:30am-10:00pm Sun 10:30am-9:30pm","https://www.habitburger.com/locations/palm-beach-gardens"
"https://www.habitburger.com","Habit Burger Grill","306 SW 145th Ave","Pembroke Pines","FL","33027","US","<MISSING>","(954) 367-2241","Restaurant","26.005787","-80.334442","Mon-Sat 10:30am-10:00pm Sun 10:30am-9:30pm","https://www.habitburger.com/locations/pembroke-pines"
"https://www.habitburger.com","Habit Burger Grill","1740 N. University Dr.","Plantation","FL","33322","US","<MISSING>","(954) 476-1011","Restaurant","26.146933","-80.257118","Mon-Sat 10:30am-10:00pm Sun 10:30am-9:30pm","https://www.habitburger.com/locations/plantation"
"https://www.habitburger.com","Habit Burger Grill","280 South State Road 7","Royal Palm Beach","FL","33411","US","<MISSING>","(561) 784-4011      ","Restaurant","26.670147","-80.201920","Mon-Sat 10:30am-10:00pm Sun 10:30am-9:30pm","https://www.habitburger.com/locations/royal-palm-beach"
