"locator_domain","location_name","street_address","city","state","zip","country_code","store_number","phone","location_type","latitude","longitude","hours_of_operation","page_url"
"https://www.tillys.com","Quail Springs Marketplace","2240 W. Memorial Road","Oklahoma City","OK","73134","US","0172","405-486-7387","<MISSING>","35.609","-97.552","Monday Tuesday Wednesday Thursday Friday Saturday Sunday 10:00am - 9:00pm 10:00am - 9:00pm 10:00am - 9:00pm 10:00am - 9:00pm 10:00am - 9:00pm 10:00am - 9:00pm 12:00pm - 6:00pm","https://www.tillys.com/stores"
"https://www.tillys.com","Queen Creek","21536 South Ellsworth Loop Rd.","Queen Creek","AZ","85242","US","0083","480-888-7913","<MISSING>","33.253","-111.64","Monday Tuesday Wednesday Thursday Friday Saturday Sunday 10:00am - 9:00pm 10:00am - 9:00pm 10:00am - 9:00pm 10:00am - 9:00pm 10:00am - 9:00pm 10:00am - 8:00pm 10:00am - 7:00pm","https://www.tillys.com/stores"
"https://www.tillys.com","Rainbow Arroyo Commons","7235 Arroyo Crossings Pkwy.","Las Vegas","NV","89113","US","0081","702-818-1640","<MISSING>","36.063","-115.251","Monday Tuesday Wednesday Thursday Friday Saturday Sunday 10:00am - 9:00pm 10:00am - 9:00pm 10:00am - 9:00pm 10:00am - 9:00pm 10:00am - 9:00pm 10:00am - 9:00pm 10:00am - 7:00pm","https://www.tillys.com/stores"
"https://www.tillys.com","RiverTown Crossings","3700 RiverTown Parkway","Grandville","MI","49418","US","0232","616-552-6365","<MISSING>","42.88","-85.754","Monday Tuesday Wednesday Thursday Friday Saturday Sunday 10:00am - 9:00pm 10:00am - 9:00pm 10:00am - 9:00pm 10:00am - 9:00pm 10:00am - 9:00pm 10:00am - 9:00pm 11:00am - 6:00pm","https://www.tillys.com/stores"
"https://www.tillys.com","Rolling Hills Plaza","2645 Pacific Coast Hwy.","Torrance","CA","90505","US","0022","310-534-1642","<MISSING>","33.792","-118.332","Monday Tuesday Wednesday Thursday Friday Saturday Sunday 10:00am - 9:00pm 10:00am - 9:00pm 10:00am - 9:00pm 10:00am - 9:00pm 10:00am - 9:00pm 10:00am - 9:00pm 10:00am - 8:00pm","https://www.tillys.com/stores"
"https://www.tillys.com","Roosevelt Field Mall","630 Old Country Rd","Garden City","NY","11530","US","0140","516-248-0115","<MISSING>","40.74","-73.614","Monday Tuesday Wednesday Thursday Friday Saturday Sunday 10:00am - 9:30pm 10:00am - 9:30pm 10:00am - 9:30pm 10:00am - 9:30pm 10:00am - 9:30pm 10:00am - 9:30pm 11:00am - 7:00pm","https://www.tillys.com/stores"
"https://www.tillys.com","Santa Rosa Plaza","2041 Santa Rosa Plaza","Santa Rosa","CA","95401","US","0128","707-528-2881","<MISSING>","38.441","-122.718","Monday Tuesday Wednesday Thursday Friday Saturday Sunday 10:00am - 9:00pm 10:00am - 9:00pm 10:00am - 9:00pm 10:00am - 9:00pm 10:00am - 9:00pm 10:00am - 8:00pm 11:00am - 6:00pm","https://www.tillys.com/stores"
"https://www.tillys.com","Santee Trolley Square","9880 Mission Gorge Rd.","Santee","CA","92071","US","0030","619-562-2364","<MISSING>","32.842","-116.98","Monday Tuesday Wednesday Thursday Friday Saturday Sunday 10:00am - 9:00pm 10:00am - 9:00pm 10:00am - 9:00pm 10:00am - 9:00pm 10:00am - 9:00pm 10:00am - 9:00pm 10:00am - 7:00pm","https://www.tillys.com/stores"
"https://www.tillys.com","Seminole Towne Center","239 Towne Center Circle","Sanford","FL","32771","US","0090","407-321-0711","<MISSING>","28.804","-81.341","Monday Tuesday Wednesday Thursday Friday Saturday Sunday 10:00am - 9:00pm 10:00am - 9:00pm 10:00am - 9:00pm 10:00am - 9:00pm 10:00am - 9:00pm 10:00am - 9:00pm 12:00pm - 6:00pm","https://www.tillys.com/stores"
"https://www.tillys.com","Shops at Riverpark","90 Via del Oro","Fresno","CA","93720","US","0071","559-436-0548","<MISSING>","36.85","-119.79","Monday Tuesday Wednesday Thursday Friday Saturday Sunday 10:00am - 9:00pm 10:00am - 9:00pm 10:00am - 9:00pm 10:00am - 9:00pm 10:00am - 9:00pm 10:00am - 9:00pm 11:00am - 7:00pm","https://www.tillys.com/stores"
"https://www.tillys.com","Silverado Ranch Plaza","9863 S. Eastern Ave.","Las Vegas","NV","89183","US","0229","702-854-7027","<MISSING>","36.009","-115.117","Monday Tuesday Wednesday Thursday Friday Saturday Sunday 10:00am - 8:00pm 10:00am - 8:00pm 10:00am - 8:00pm 10:00am - 8:00pm 10:00am - 9:00pm 10:00am - 9:00pm 11:00am - 6:00pm","https://www.tillys.com/stores"
"https://www.tillys.com","Smith Haven Mall","230 Smith Haven Mall","Lake Grove","NY","11755","US","0134","631-724-0575","<MISSING>","40.863","-73.13","Monday Tuesday Wednesday Thursday Friday Saturday Sunday 10:00am - 9:30pm 10:00am - 9:30pm 10:00am - 9:30pm 10:00am - 9:30pm 10:00am - 9:30pm 10:00am - 9:30pm 11:00am - 7:00pm","https://www.tillys.com/stores"
"https://www.tillys.com","South Plains Mall","6002 Slide Road","Lubbock","TX","79414","US","0152","806-788-1233","<MISSING>","33.541","-101.926","Monday Tuesday Wednesday Thursday Friday Saturday Sunday 10:00am - 9:00pm 10:00am - 9:00pm 10:00am - 9:00pm 10:00am - 9:00pm 10:00am - 9:00pm 10:00am - 9:00pm 12:00pm - 6:00pm","https://www.tillys.com/stores"
"https://www.tillys.com","South Shore Plaza","250 Granite Street","Braintree","MA","02184","US","0174","781-348-4977","<MISSING>","42.22","-71.027","Monday Tuesday Wednesday Thursday Friday Saturday Sunday 10:00am - 9:00pm 10:00am - 9:00pm 10:00am - 9:00pm 10:00am - 9:00pm 10:00am - 9:00pm 10:00am - 9:00pm 11:00am - 6:00pm","https://www.tillys.com/stores"
"https://www.tillys.com","Southern Park Mall","7401 Market Street","Youngstown","OH","44512","US","0164","330-729-1330","<MISSING>","41.021","-80.66","Monday Tuesday Wednesday Thursday Friday Saturday Sunday 10:00am - 9:00pm 10:00am - 9:00pm 10:00am - 9:00pm 10:00am - 9:00pm 10:00am - 9:00pm 10:00am - 9:00pm 11:00am - 6:00pm","https://www.tillys.com/stores"
"https://www.tillys.com","Southlands Shopping Center","6200 South Main St.","Aurora","CO","80016","US","0067","303-693-2713","<MISSING>","39.604","-104.709","Monday Tuesday Wednesday Thursday Friday Saturday Sunday 10:00am - 8:00pm 10:00am - 8:00pm 10:00am - 8:00pm 10:00am - 8:00pm 10:00am - 9:00pm 10:00am - 9:00pm 11:00am - 6:00pm","https://www.tillys.com/stores"
"https://www.tillys.com","Southridge Mall","5300 South 76th Street","Greendale","WI","53129","US","0177","414-421-2596","<MISSING>","42.948","-88.004","Monday Tuesday Wednesday Thursday Friday Saturday Sunday 10:00am - 9:00pm 10:00am - 9:00pm 10:00am - 9:00pm 10:00am - 9:00pm 10:00am - 9:00pm 10:00am - 9:00pm 11:00am - 6:00pm","https://www.tillys.com/stores"
"https://www.tillys.com","Southwest Plaza","8501 West Bowles Avenue","Littleton","CO","80123","US","0235","303-927-4249","<MISSING>","39.612","-105.096","Monday Tuesday Wednesday Thursday Friday Saturday Sunday 10:00am - 9:00pm 10:00am - 9:00pm 10:00am - 9:00pm 10:00am - 9:00pm 10:00am - 9:00pm 10:00am - 9:00pm 11:00am - 6:00pm","https://www.tillys.com/stores"
"https://www.tillys.com","State Street","917 State Street","Santa Barbara","CA","93101","US","0126","805-966-4686","<MISSING>","34.421","-119.701","Monday Tuesday Wednesday Thursday Friday Saturday Sunday  10:00am - 9:00pm 10:00am - 9:00pm 10:00am - 9:00pm 10:00am - 9:00pm 10:00am - 9:00pm 10:00am - 9:00pm 11:00am - 7:00pm","https://www.tillys.com/stores"
"https://www.tillys.com","Sunrise Mall","6157 Sunrise Mall","Citrus Heights","CA","95610","US","0102","916-728-6916","<MISSING>","38.678","-121.271","Monday Tuesday Wednesday Thursday Friday Saturday Sunday 10:00am - 9:00pm 10:00am - 9:00pm 10:00am - 9:00pm 10:00am - 9:00pm 10:00am - 9:00pm 10:00am - 9:00pm 11:00am - 7:00pm","https://www.tillys.com/stores"
"https://www.tillys.com","Superstition Springs Center","6555 East Southern Ave.","Mesa","AZ","85206","US","0047","480-830-1095","<MISSING>","33.394","-111.689","Monday Tuesday Wednesday Thursday Friday Saturday Sunday 10:00am - 9:00pm 10:00am - 9:00pm 10:00am - 9:00pm 10:00am - 9:00pm 10:00am - 9:00pm 10:00am - 9:00pm 11:00am - 6:00pm","https://www.tillys.com/stores"
"https://www.tillys.com","Tacoma Mall","4502 South Steel St.","Tacoma","WA","98409","US","0157","253-475-0940","<MISSING>","47.217","-122.468","Monday Tuesday Wednesday Thursday Friday Saturday Sunday 10:00am - 9:00pm 10:00am - 9:00pm 10:00am - 9:00pm 10:00am - 9:00pm 10:00am - 9:00pm 10:00am - 9:00pm 11:00am - 7:00pm","https://www.tillys.com/stores"
"https://www.tillys.com","Tampa Premium Outlets","2312 Grand Cypress Drive","Lutz","FL","33559","US","0237","813-345-3000","<MISSING>","28.216","-82.375","Monday Tuesday Wednesday Thursday Friday Saturday Sunday 10:00am - 9:00pm 10:00am - 9:00pm 10:00am - 9:00pm 10:00am - 9:00pm 10:00am - 9:00pm 10:00am - 9:00pm 11:00am - 6:00pm","https://www.tillys.com/stores"
"https://www.tillys.com","Tanger Outlets San Marcos","4015 IH 35 South","San Marcos","TX","78666","US","0212","830-387-7229","<MISSING>","29.827","-97.988","Monday Tuesday Wednesday Thursday Friday Saturday Sunday 9:00am - 9:00pm 9:00am - 9:00pm 9:00am - 9:00pm 9:00am - 9:00pm 10:00am - 9:00pm 10:00am - 9:00pm 10:00am - 7:00pm","https://www.tillys.com/stores"
"https://www.tillys.com","Tanger Outlets at Westgate","6800 N. 95th Ave.","Glendale","AZ","85305","US","0225","623-337-8321","<MISSING>","33.535","-112.266","Monday Tuesday Wednesday Thursday Friday Saturday Sunday 9:00am - 9:00pm 9:00am - 9:00pm 9:00am - 9:00pm 9:00am - 9:00pm 9:00am - 9:00pm 9:00am - 9:00pm 11:00am - 7:00pm","https://www.tillys.com/stores"
"https://www.tillys.com","The Crossroads at Santa Maria","2348 S. Bradley Rd","Santa Maria","CA","93454","US","0154","805-346-6281","<MISSING>","34.917","-120.421","Monday Tuesday Wednesday Thursday Friday Saturday Sunday  10:00am - 9:00pm 10:00am - 9:00pm 10:00am - 9:00pm 10:00am - 9:00pm 10:00am - 9:00pm 10:00am - 9:00pm 10:00am - 7:00pm","https://www.tillys.com/stores"
"https://www.tillys.com","The District at Tustin Legacy","2403 Park Ave.","Tustin","CA","92782","US","0075","714-259-1173","<MISSING>","33.699","-117.828","Monday Tuesday Wednesday Thursday Friday Saturday Sunday 11:00am - 9:00pm 11:00am - 9:00pm 11:00am - 9:00pm 11:00am - 9:00pm 11:00am - 10:00pm 11:00am - 10:00pm 11:00am - 6:00pm","https://www.tillys.com/stores"
"https://www.tillys.com","The Forum Carlsbad","1911 Calle Barcelona","Carlsbad","CA","92009","US","0034","760-635-0259","<MISSING>","33.072","-117.266","Monday Tuesday Wednesday Thursday Friday Saturday Sunday 10:00am - 9:00pm 10:00am - 9:00pm 10:00am - 9:00pm 10:00am - 9:00pm 10:00am - 9:00pm 10:00am - 9:00pm 11:00am - 7:00pm","https://www.tillys.com/stores"
"https://www.tillys.com","The Greene","4453 Glengarry Drive","Beavercreek","OH","45440","US","0192","937-912-3527","<MISSING>","39.694","-84.105","Monday Tuesday Wednesday Thursday Friday Saturday Sunday  10:00am - 9:00pm 10:00am - 9:00pm 10:00am - 9:00pm 10:00am - 9:00pm 10:00am - 9:00pm 10:00am - 10:00pm 12:00pm - 6:00pm","https://www.tillys.com/stores"
"https://www.tillys.com","The Outlets at Orange","20 City Blvd. West Build. K","Orange","CA","92868","US","0014","714-769-3300","<MISSING>","33.786","-117.894","Monday Tuesday Wednesday Thursday Friday Saturday Sunday 10:00am - 9:00pm 10:00am - 9:00pm 10:00am - 9:00pm 10:00am - 9:00pm 10:00am - 10:00pm 10:00am - 10:00pm 10:00am - 8:00pm","https://www.tillys.com/stores"
"https://www.tillys.com","The Promenade at Casa Grande","1004 North Promenade Pkwy.","Casa Grande","AZ","85294","US","0089","520-836-1288","<MISSING>","32.884","-111.682","Monday Tuesday Wednesday Thursday Friday Saturday Sunday 10:00am - 9:00pm 10:00am - 9:00pm 10:00am - 9:00pm 10:00am - 9:00pm 10:00am - 9:00pm 10:00am - 9:00pm 11:00am - 7:00pm","https://www.tillys.com/stores"
"https://www.tillys.com","The Shoppes at Westlake Village","30730 Russell Ranch Rd.","Westlake Village","CA","91362","US","0226","818-540-4874","<MISSING>","34.149","-118.795","Monday Tuesday Wednesday Thursday Friday Saturday Sunday 10:00am - 9:00pm 10:00am - 9:00pm 10:00am - 9:00pm 10:00am - 9:00pm 10:00am - 9:00pm 10:00am - 8:00pm 10:00am - 7:00pm","https://www.tillys.com/stores"
"https://www.tillys.com","3rd St Promenade","1426 3rd Street Promenade","Santa Monica","CA","90401","US","0149","310-899-6806","<MISSING>","34.015","-118.495","Monday Tuesday Wednesday Thursday Friday Saturday Sunday 10:00am - 9:00pm 10:00am - 9:00pm 10:00am - 9:00pm 10:00am - 9:00pm 10:00am - 10:00pm 10:00am - 10:00pm 11:00am - 9:00pm","https://www.tillys.com/stores"
"https://www.tillys.com","Algonquin Commons","1832 S Randall Road","Algonquin","IL","60102","US","0156","847-854-3798","<MISSING>","42.146","-88.336","Monday Tuesday Wednesday Thursday Friday Saturday Sunday 10:00am - 9:00pm 10:00am - 9:00pm 10:00am - 9:00pm 10:00am - 9:00pm 10:00am - 9:00pm 10:00am - 9:00pm 11:00am - 6:00pm","https://www.tillys.com/stores"
"https://www.tillys.com","Almaden Plaza Shopping Center","5353 Almaden Expressway","San Jose","CA","95118","US","0043","408-264-3481","<MISSING>","37.253","-121.877","Monday Tuesday Wednesday Thursday Friday Saturday Sunday 10:00am - 9:00pm 10:00am - 9:00pm 10:00am - 9:00pm 10:00am - 9:00pm 10:00am - 9:00pm 10:00am - 9:00pm 10:00am - 7:00pm","https://www.tillys.com/stores"
"https://www.tillys.com","Anaheim Hills Festival","8176 E. Santa Ana Canyon Rd.","Anaheim Hills","CA","92808","US","0019","714-998-5975","<MISSING>","33.868","-117.749","Monday Tuesday Wednesday Thursday Friday Saturday Sunday 10:00am - 9:00pm 10:00am - 9:00pm 10:00am - 9:00pm 10:00am - 9:00pm 10:00am - 9:00pm 10:00am - 8:00pm 10:00am - 7:00pm","https://www.tillys.com/stores"
"https://www.tillys.com","Antelope Valley Mall","1233 West Rancho Vista Rd.","Palmdale","CA","93551","US","0036","661-273-2093","<MISSING>","34.604","-118.152","Monday Tuesday Wednesday Thursday Friday Saturday Sunday 10:00am - 9:00pm 10:00am - 9:00pm 10:00am - 9:00pm 10:00am - 9:00pm 10:00am - 9:00pm 10:00am - 8:00pm 11:00am - 6:00pm","https://www.tillys.com/stores"
"https://www.tillys.com","Arden Fair","1689 Arden Way","Sacramento","CA","95815","US","0213","916-830-1480","<MISSING>","38.602","-121.428","Monday Tuesday Wednesday Thursday Friday Saturday Sunday 10:00am - 9:00pm 10:00am - 9:00pm 10:00am - 9:00pm 10:00am - 9:00pm 10:00am - 9:00pm 10:00am - 9:00pm 11:00am - 7:00pm","https://www.tillys.com/stores"
"https://www.tillys.com","Arizona Mills","5000 South Arizona Mills Circle","Tempe","AZ","85282","US","0050","480-831-3864","<MISSING>","33.385","-111.965","Monday Tuesday Wednesday Thursday Friday Saturday Sunday 10:00am - 9:00pm 10:00am - 9:00pm 10:00am - 9:00pm 10:00am - 9:00pm 10:00am - 9:00pm 10:00am - 9:00pm 11:00am - 6:00pm","https://www.tillys.com/stores"
"https://www.tillys.com","Baldwin Commons","4812 South Baldwin Road","Orion Township","MI","48359","US","0162","248-393-1528","<MISSING>","42.71","-83.307","Monday Tuesday Wednesday Thursday Friday Saturday Sunday 10:00am - 9:00pm 10:00am - 9:00pm 10:00am - 9:00pm 10:00am - 9:00pm 10:00am - 9:00pm 10:00am - 9:00pm 11:00am - 6:00pm","https://www.tillys.com/stores"
"https://www.tillys.com","Battlefield Mall","2825 S. Glenstone Ave.","Springfield","MO","65804","US","0223","417-450-6995","<MISSING>","37.163","-93.266","Monday Tuesday Wednesday Thursday Friday Saturday Sunday 10:00am - 9:00pm 10:00am - 9:00pm 10:00am - 9:00pm 10:00am - 9:00pm 10:00am - 9:00pm 10:00am - 9:00pm 12:00pm - 6:00pm","https://www.tillys.com/stores"
"https://www.tillys.com","Belmont Shore","5286 East 2nd St.","Long Beach","CA","90803","US","0007","562-434-1769","<MISSING>","33.759","-118.133","Monday Tuesday Wednesday Thursday Friday Saturday Sunday 10:00am - 9:00pm 10:00am - 9:00pm 10:00am - 9:00pm 10:00am - 9:00pm 10:00am - 9:00pm 10:00am - 9:00pm 11:00am - 8:00pm","https://www.tillys.com/stores"
"https://www.tillys.com","Boca Park Marketplace","8800 West Charleston Blvd.","Las Vegas","NV","89117","US","0039","702-932-0148","<MISSING>","36.159","-115.287","Monday Tuesday Wednesday Thursday Friday Saturday Sunday 10:00am - 9:00pm 10:00am - 9:00pm 10:00am - 9:00pm 10:00am - 9:00pm 10:00am - 9:00pm 10:00am - 9:00pm 11:00am - 7:00pm","https://www.tillys.com/stores"
"https://www.tillys.com","Brandon Mall","955 Brandon Town Center","Brandon","FL","33511","US","0072","813-689-3537","<MISSING>","27.936","-82.299","Monday Tuesday Wednesday Thursday Friday Saturday Sunday 10:00am - 9:00pm 10:00am - 9:00pm 10:00am - 9:00pm 10:00am - 9:00pm 10:00am - 9:00pm 10:00am - 9:00pm 11:00am - 6:00pm","https://www.tillys.com/stores"
"https://www.tillys.com","Brea Union Plaza","2365 East Imperial Hwy.","Brea","CA","92821","US","0015","714-256-2817","<MISSING>","33.911","-117.871","Monday Tuesday Wednesday Thursday Friday Saturday Sunday 10:00am - 9:00pm 10:00am - 9:00pm 10:00am - 9:00pm 10:00am - 9:00pm 10:00am - 9:00pm 10:00am - 8:00pm 10:00am - 8:00pm","https://www.tillys.com/stores"
"https://www.tillys.com","Brentwood","2505 Sand Creek Rd.","Brentwood","CA","94513","US","0100","925-240-1421","<MISSING>","37.946","-121.74","Monday Tuesday Wednesday Thursday Friday Saturday Sunday 10:00am - 9:00pm 10:00am - 9:00pm 10:00am - 9:00pm 10:00am - 9:00pm 10:00am - 9:00pm 10:00am - 8:00pm 11:00am - 6:00pm","https://www.tillys.com/stores"
"https://www.tillys.com","Broadstone Plaza","2761 East Bidwell Street","Folsom","CA","95630","US","0120","916-983-2569","<MISSING>","38.655","-121.124","Monday Tuesday Wednesday Thursday Friday Saturday Sunday 10:00am - 9:00pm 10:00am - 9:00pm 10:00am - 9:00pm 10:00am - 9:00pm 10:00am - 9:00pm 10:00am - 9:00pm 11:00am - 8:00pm","https://www.tillys.com/stores"
"https://www.tillys.com","Brookfield Square Mall","95 N. Moorland Road","Brookfield","WI","53005","US","0176","262-641-8039","<MISSING>","43.032","-88.109","Monday Tuesday Wednesday Thursday Friday Saturday Sunday 10:00am - 9:00pm 10:00am - 9:00pm 10:00am - 9:00pm 10:00am - 9:00pm 10:00am - 9:00pm 10:00am - 9:00pm 11:00am - 6:00pm","https://www.tillys.com/stores"
"https://www.tillys.com","Burbank Empire Center","1751 N. Victory Place","Burbank","CA","91504","US","0025","818-557-0121","<MISSING>","34.192","-118.329","Monday Tuesday Wednesday Thursday Friday Saturday Sunday 10:00am - 9:00pm 10:00am - 9:00pm 10:00am - 9:00pm 10:00am - 9:00pm 10:00am - 9:00pm 10:00am - 8:00pm 10:00am - 7:00pm","https://www.tillys.com/stores"
"https://www.tillys.com","Camino Real Marketplace","7046 Marketplace Drive","Goleta","CA","93117","US","0227","805-770-6089","<MISSING>","34.429","-119.873","Monday Tuesday Wednesday Thursday Friday Saturday Sunday 10:00am - 9:00pm 10:00am - 9:00pm 10:00am - 9:00pm 10:00am - 9:00pm 10:00am - 9:00pm 10:00am - 9:00pm 10:00am - 7:00pm","https://www.tillys.com/stores"
"https://www.tillys.com","Castleton Square Mall","6020 East 82nd Street","Indianapolis","IN","46250","US","0170","317-558-4033","<MISSING>","39.906","-86.067","Monday Tuesday Wednesday Thursday Friday Saturday Sunday 10:00am - 9:00pm 10:00am - 9:00pm 10:00am - 9:00pm 10:00am - 9:00pm 10:00am - 9:00pm 10:00am - 9:00pm 11:00am - 6:00pm","https://www.tillys.com/stores"
"https://www.tillys.com","Chandler Fashion Center","3111 West Chandler Blvd.","Chandler","AZ","85226","US","0062","480-722-1741","<MISSING>","33.302","-111.898","Monday Tuesday Wednesday Thursday Friday Saturday Sunday 10:00am - 9:00pm 10:00am - 9:00pm 10:00am - 9:00pm 10:00am - 9:00pm 10:00am - 9:00pm 10:00am - 9:00pm 11:00am - 6:00pm","https://www.tillys.com/stores"
"https://www.tillys.com","Charlotte Premium Outlets","5512 New Fashion Way","Charlotte","NC","28217","US","0215","704-998-6128","<MISSING>","35.172","-80.971","Monday Tuesday Wednesday Thursday Friday Saturday Sunday 10:00am - 9:00pm 10:00am - 9:00pm 10:00am - 9:00pm 10:00am - 9:00pm 10:00am - 9:00pm 10:00am - 9:00pm 10:00am - 7:00pm","https://www.tillys.com/stores"
"https://www.tillys.com","Chino Spectrum Towne Center","3865 Grand Ave.","Chino","CA","91710","US","0027","909-627-6060","<MISSING>","33.999","-117.72","Monday Tuesday Wednesday Thursday Friday Saturday Sunday 10:00am - 9:00pm 10:00am - 9:00pm 10:00am - 9:00pm 10:00am - 9:00pm 10:00am - 9:00pm 10:00am - 9:00pm 10:00am - 7:00pm","https://www.tillys.com/stores"
"https://www.tillys.com","Citadel Outlet","100 Citadel Dr. Suite #317","City of Commerce","CA","90040","US","0135","323-888-2449","<MISSING>","34.006065","-118.152505","Monday Tuesday Wednesday Thursday Friday Saturday Sunday 10:00am - 9:00pm 10:00am - 9:00pm 10:00am - 9:00pm 10:00am - 9:00pm 10:00am - 9:00pm 10:00am - 9:00pm 10:00am - 9:00pm","https://www.tillys.com/stores"
"https://www.tillys.com","Clackamas Town Center","12000 SE 82nd Avenue","Happy Valley","OR","97266","US","0173","503-513-7104","<MISSING>","45.464","-122.579","Monday Tuesday Wednesday Thursday Friday Saturday Sunday 10:00am - 9:00pm 10:00am - 9:00pm 10:00am - 9:00pm 10:00am - 9:00pm 10:00am - 9:00pm 10:00am - 9:00pm 11:00am - 7:00pm","https://www.tillys.com/stores"
"https://www.tillys.com","Westfield Countryside","27001 US Highway 19 North","Clearwater","FL","33761","US","0101","727-791-6396","<MISSING>","28.017","-82.731","Monday Tuesday Wednesday Thursday Friday Saturday Sunday 10:00am - 9:00pm 10:00am - 9:00pm 10:00am - 9:00pm 10:00am - 9:00pm 10:00am - 9:00pm 10:00am - 9:00pm 12:00pm - 6:00pm","https://www.tillys.com/stores"
"https://www.tillys.com","Colonies Crossroads","1257 E 19th Street","Upland","CA","91784","US","0185","909-244-1942","<MISSING>","34.133","-117.637","Monday Tuesday Wednesday Thursday Friday Saturday Sunday 10:00am - 9:00pm 10:00am - 9:00pm 10:00am - 9:00pm 10:00am - 9:00pm 10:00am - 9:00pm 10:00am - 9:00pm 10:00am - 7:00pm","https://www.tillys.com/stores"
"https://www.tillys.com","Columbia Center","1321 N. Columbia Center Blvd","Kennewick","WA","99336","US","0146","509-737-1116","<MISSING>","46.226","-119.226","Monday Tuesday Wednesday Thursday Friday Saturday Sunday 10:00am - 9:00pm 10:00am - 9:00pm 10:00am - 9:00pm 10:00am - 9:00pm 10:00am - 9:00pm 10:00am - 9:00pm 11:00am - 7:00pm","https://www.tillys.com/stores"
"https://www.tillys.com","Commons at Southtowne","10465 South State Street","Sandy","UT","84070","US","0175","801-619-3529","<MISSING>","40.562","-111.891","Monday Tuesday Wednesday Thursday Friday Saturday Sunday 10:00am - 9:00pm 10:00am - 9:00pm 10:00am - 9:00pm 10:00am - 9:00pm 10:00am - 9:00pm 10:00am - 9:00pm 12:00pm - 6:00pm","https://www.tillys.com/stores"
"https://www.tillys.com","Concord Sunvalley Shopping Center","One Sun Valley Mall","Concord","CA","94520","US","0059","925-691-4382","<MISSING>","37.966","-122.061","Monday Tuesday Wednesday Thursday Friday Saturday Sunday 10:00am - 9:00pm 10:00am - 9:00pm 10:00am - 9:00pm 10:00am - 9:00pm 10:00am - 9:00pm 10:00am - 9:00pm 11:00am - 7:00pm","https://www.tillys.com/stores"
"https://www.tillys.com","Cool Springs Galleria","1800 Galleria Blvd,","Franklin","TN","37067","US","0228","615-656-6173","<MISSING>","35.957","-86.814","Monday Tuesday Wednesday Thursday Friday Saturday Sunday 10:00am - 9:00pm 10:00am - 9:00pm 10:00am - 9:00pm 10:00am - 9:00pm 10:00am - 9:00pm 10:00am - 9:00pm 12:00pm - 6:00pm","https://www.tillys.com/stores"
"https://www.tillys.com","Cordova Mall","5100 North 9th Ave.","Pensacola","FL","32504","US","0092","850-477-4754","<MISSING>","30.474","-87.206","Monday Tuesday Wednesday Thursday Friday Saturday Sunday 10:00am - 9:00pm 10:00am - 9:00pm 10:00am - 9:00pm 10:00am - 9:00pm 10:00am - 9:00pm 10:00am - 9:00pm 12:00pm - 6:00pm","https://www.tillys.com/stores"
"https://www.tillys.com","Coronado Center","6600 Menaul Blvd. NE","Albuquerque","NM","87110","US","0187","505-433-6368","<MISSING>","35.108","-106.574","Monday Tuesday Wednesday Thursday Friday Saturday Sunday 10:00am - 9:00pm 10:00am - 9:00pm 10:00am - 9:00pm 10:00am - 9:00pm 10:00am - 9:00pm 10:00am - 9:00pm 12:00pm - 6:00pm","https://www.tillys.com/stores"
"https://www.tillys.com","Countryside Marketplace","30046 Haun Rd.","Menifee","CA","92584","US","0104","951-723-1016","<MISSING>","33.684","-117.175","Monday Tuesday Wednesday Thursday Friday Saturday Sunday 10:00am - 9:00pm 10:00am - 9:00pm 10:00am - 9:00pm 10:00am - 9:00pm 10:00am - 9:00pm 10:00am - 8:00pm 11:00am - 6:00pm","https://www.tillys.com/stores"
"https://www.tillys.com","Crossings at Corona","3417 Grand Oaks","Corona","CA","92881","US","0042","951-898-9054","<MISSING>","33.826","-117.515","Monday Tuesday Wednesday Thursday Friday Saturday Sunday 10:00am - 9:00pm 10:00am - 9:00pm 10:00am - 9:00pm 10:00am - 9:00pm 10:00am - 9:00pm 10:00am - 9:00pm 10:00am - 7:00pm","https://www.tillys.com/stores"
"https://www.tillys.com","Alderwood Mall","3000 184th Street SW","Lynnwood","WA","98037","US","0247","425-921-1125","<MISSING>","47.829954","-122.272571","Monday Tuesday Wednesday Thursday Friday Saturday Sunday 10:00am - 9:00pm 10:00am - 9:00pm 10:00am - 9:00pm 10:00am - 9:00pm 10:00am - 9:00pm 10:00am - 9:00pm 11:00am - 7:00pm","https://www.tillys.com/stores"
"https://www.tillys.com","Crossroads Towne Center","3885 South Gilbert Rd.","Gilbert","AZ","85297","US","0045","480-821-4034","<MISSING>","33.279","-111.79","Monday Tuesday Wednesday Thursday Friday Saturday Sunday 10:00am - 9:00pm 10:00am - 9:00pm 10:00am - 9:00pm 10:00am - 9:00pm 10:00am - 9:00pm 10:00am - 8:00pm 10:00am - 7:00pm","https://www.tillys.com/stores"
"https://www.tillys.com","Cypress Plaza","6836 Katella Ave.","Cypress","CA","90630","US","0003","714-892-0129","<MISSING>","33.803","-118.014","Monday Tuesday Wednesday Thursday Friday Saturday Sunday 10:00am - 9:00pm 10:00am - 9:00pm 10:00am - 9:00pm 10:00am - 9:00pm 10:00am - 9:00pm 10:00am - 8:00pm 10:00am - 7:00pm","https://www.tillys.com/stores"
"https://www.tillys.com","Del Mar Highlands Town Center","12875 El Camino Real","San Diego","CA","92130","US","0129","858-259-0015","<MISSING>","32.951","-117.234","Monday Tuesday Wednesday Thursday Friday Saturday Sunday 10:00am - 9:00pm 10:00am - 9:00pm 10:00am - 9:00pm 10:00am - 9:00pm 10:00am - 9:00pm 10:00am - 9:00pm 10:00am - 6:00pm","https://www.tillys.com/stores"
"https://www.tillys.com","Deptford Mall","1750 Deptford Center Road","Deptford","NJ","08096","US","0115","856-384-6400","<MISSING>","39.829","-75.098","Monday Tuesday Wednesday Thursday Friday Saturday Sunday 10:00am - 9:30pm 10:00am - 9:30pm 10:00am - 9:30pm 10:00am - 9:30pm 10:00am - 9:30pm 10:00am - 9:30pm 11:00am - 6:00pm","https://www.tillys.com/stores"
"https://www.tillys.com","Eastland Mall","Eastland Mall 800 N. Green River Rd","Evansville","IN","47715","US","0188","812-250-7026","<MISSING>","37.981","-87.496","Monday Tuesday Wednesday Thursday Friday Saturday Sunday 10:00am - 9:00pm 10:00am - 9:00pm 10:00am - 9:00pm 10:00am - 9:00pm 10:00am - 9:00pm 10:00am - 9:00pm 12:00pm - 6:00pm","https://www.tillys.com/stores"
"https://www.tillys.com","Eastridge Mall","2200 Eastridge Loop","San Jose","CA","95122","US","0058","408-238-2418","<MISSING>","37.327","-121.816","Monday Tuesday Wednesday Thursday Friday Saturday Sunday 10:00am - 9:00pm 10:00am - 9:00pm 10:00am - 9:00pm 10:00am - 9:00pm 10:00am - 9:00pm 10:00am - 9:00pm 11:00am - 7:00pm","https://www.tillys.com/stores"
"https://www.tillys.com","Eastvale Gateway","12327 Limonite Ave.","Mira Loma","CA","91752","US","0069","951-360-1240","<MISSING>","33.975","-117.552","Monday Tuesday Wednesday Thursday Friday Saturday Sunday 10:00am - 9:00pm 10:00am - 9:00pm 10:00am - 9:00pm 10:00am - 9:00pm 10:00am - 9:00pm 10:00am - 9:00pm 10:00am - 8:00pm","https://www.tillys.com/stores"
"https://www.tillys.com","Eastview Mall","766 Eastview Mall","Victor","NY","14564","US","0197","585-421-6014","<MISSING>","43.028","-77.449","Monday Tuesday Wednesday Thursday Friday Saturday Sunday 10:00am - 9:00pm 10:00am - 9:00pm 10:00am - 9:00pm 10:00am - 9:00pm 10:00am - 9:00pm 10:00am - 9:00pm 11:00am - 6:00pm","https://www.tillys.com/stores"
"https://www.tillys.com","El Camino North Shopping Center","2641 Vista Way","Oceanside","CA","92054","US","0033","760-529-0129","<MISSING>","33.183","-117.33","Monday Tuesday Wednesday Thursday Friday Saturday Sunday 10:00am - 9:00pm 10:00am - 9:00pm 10:00am - 9:00pm 10:00am - 9:00pm 10:00am - 9:00pm 10:00am - 9:00pm 10:00am - 8:00pm","https://www.tillys.com/stores"
"https://www.tillys.com","El Paseo de Saratoga","650 El Paseo de Saratoga","San Jose","CA","95130","US","0138","408-871-1410","<MISSING>","37.289","-121.989","Monday Tuesday Wednesday Thursday Friday Saturday Sunday 10:00am - 9:00pm 10:00am - 9:00pm 10:00am - 9:00pm 10:00am - 9:00pm 10:00am - 9:00pm 10:00am - 9:00pm 11:00am - 7:00pm","https://www.tillys.com/stores"
"https://www.tillys.com","Escondido Promenade","1266-F Auto Park Way","Escondido","CA","92029","US","0021","760-738-9508","<MISSING>","33.112","-117.098","Monday Tuesday Wednesday Thursday Friday Saturday Sunday 10:00am - 9:00pm 10:00am - 9:00pm 10:00am - 9:00pm 10:00am - 9:00pm 10:00am - 9:00pm 10:00am - 9:00pm 10:00am - 8:00pm","https://www.tillys.com/stores"
"https://www.tillys.com","Esplanade Shopping Center","161 W. Esplanade Dr.","Oxnard","CA","93036","US","0024","805-983-1461","<MISSING>","34.23","-119.175","Monday Tuesday Wednesday Thursday Friday Saturday Sunday 10:00am - 9:00pm 10:00am - 9:00pm 10:00am - 9:00pm 10:00am - 9:00pm 10:00am - 9:00pm 10:00am - 9:00pm 10:00am - 7:00pm","https://www.tillys.com/stores"
"https://www.tillys.com","Fashion Fair Mall","697 East Shaw Ave","Fresno","CA","93710","US","0142","559-226-1601","<MISSING>","36.808","-119.776","Monday Tuesday Wednesday Thursday Friday Saturday Sunday 10:00am - 9:00pm 10:00am - 9:00pm 10:00am - 9:00pm 10:00am - 9:00pm 10:00am - 9:00pm 10:00am - 9:00pm 11:00am - 7:00pm","https://www.tillys.com/stores"
"https://www.tillys.com","Five Points Plaza","18545 Main St.","Huntington Beach","CA","92648","US","0004","714-841-9729","<MISSING>","33.693","-117.99","Monday Tuesday Wednesday Thursday Friday Saturday Sunday 10:00am - 9:00pm 10:00am - 9:00pm 10:00am - 9:00pm 10:00am - 9:00pm 10:00am - 9:00pm 10:00am - 8:00pm 10:00am - 7:00pm","https://www.tillys.com/stores"
"https://www.tillys.com","FlatIron Crossing","1 W. Flatiron Crossing Drive","Broomfield","CO","80021","US","0136","303-466-3135","<MISSING>","39.931","-105.135","Monday Tuesday Wednesday Thursday Friday Saturday Sunday 10:00am - 9:00pm 10:00am - 9:00pm 10:00am - 9:00pm 10:00am - 9:00pm 10:00am - 9:00pm 10:00am - 9:00pm 11:00am - 6:00pm","https://www.tillys.com/stores"
"https://www.tillys.com","Freehold","3710 Route 9","Freehold","NJ","07728","US","0105","732-294-1900","<MISSING>","40.255","-74.297","Monday Tuesday Wednesday Thursday Friday Saturday Sunday 10:00am - 9:30pm 10:00am - 9:30pm 10:00am - 9:30pm 10:00am - 9:30pm 10:00am - 9:30pm 10:00am - 9:30pm 11:00am - 7:00pm","https://www.tillys.com/stores"
"https://www.tillys.com","Fullerton Metro Center","1429 South Harbor Blvd.","Fullerton","CA","92832","US","0006","714-447-1171","<MISSING>","33.856","-117.924","Monday Tuesday Wednesday Thursday Friday Saturday Sunday 10:00am - 9:00pm 10:00am - 9:00pm 10:00am - 9:00pm 10:00am - 9:00pm 10:00am - 9:00pm 10:00am - 8:00pm 10:00am - 7:00pm","https://www.tillys.com/stores"
"https://www.tillys.com","Galleria at Roseville","1151 Galleria Blvd","Roseville","CA","95678","US","0110","916-797-1141","<MISSING>","38.774","-121.269","Monday Tuesday Wednesday Thursday Friday Saturday Sunday 10:00am - 9:00pm 10:00am - 9:00pm 10:00am - 9:00pm 10:00am - 9:00pm 10:00am - 9:00pm 10:00am - 9:00pm 11:00am - 7:00pm","https://www.tillys.com/stores"
"https://www.tillys.com","Galleria at South Bay","1815 Hawthorne Blvd","Redondo Beach","CA","90278","US","0029","310-542-1170","<MISSING>","33.872","-118.355","Monday Tuesday Wednesday Thursday Friday Saturday Sunday 11:00am - 9:00pm 11:00am - 9:00pm 11:00am - 9:00pm 11:00am - 9:00pm 11:00am - 9:00pm 11:00am - 8:00pm 11:00am - 7:00pm","https://www.tillys.com/stores"
"https://www.tillys.com","Galleria at Sunset","1300 West Sunset Rd.","Henderson","NV","89014","US","0038","702-454-1275","<MISSING>","36.064","-115.04","Monday Tuesday Wednesday Thursday Friday Saturday Sunday 10:00am - 9:00pm 10:00am - 9:00pm 10:00am - 9:00pm 10:00am - 9:00pm 10:00am - 9:00pm 10:00am - 9:00pm 11:00am - 6:00pm","https://www.tillys.com/stores"
"https://www.tillys.com","Galleria at Tyler","1115 Galleria at Tyler","Riverside","CA","92503","US","0055","951-637-8428","<MISSING>","33.911","-117.457","Monday Tuesday Wednesday Thursday Friday Saturday Sunday 10:00am - 9:00pm 10:00am - 9:00pm 10:00am - 9:00pm 10:00am - 9:00pm 10:00am - 9:00pm 10:00am - 9:00pm 11:00am - 7:00pm","https://www.tillys.com/stores"
"https://www.tillys.com","Geneva Commons","514 Commons Drive","Geneva","IL","60134","US","0168","630-262-0805","<MISSING>","41.896","-88.342","Monday Tuesday Wednesday Thursday Friday Saturday Sunday 10:00am - 9:00pm 10:00am - 9:00pm 10:00am - 9:00pm 10:00am - 9:00pm 10:00am - 9:00pm 10:00am - 9:00pm 11:00am - 6:00pm","https://www.tillys.com/stores"
"https://www.tillys.com","Gilbert Gateway Towne Center","5034 South Power Rd.","Mesa","AZ","85212","US","0044","480-988-7081","<MISSING>","33.324","-111.687","Monday Tuesday Wednesday Thursday Friday Saturday Sunday 10:00am - 9:00pm 10:00am - 9:00pm 10:00am - 9:00pm 10:00am - 9:00pm 10:00am - 9:00pm 10:00am - 8:00pm 10:00am - 7:00pm","https://www.tillys.com/stores"
"https://www.tillys.com","Glenbrook Square","4201 Coldwater Rd","Fort Wayne","IN","46805","US","0205","260-310-6510","<MISSING>","41.117","-85.136","Monday Tuesday Wednesday Thursday Friday Saturday Sunday 10:00am - 9:00pm 10:00am - 9:00pm 10:00am - 9:00pm 10:00am - 9:00pm 10:00am - 9:00pm 10:00am - 9:00pm 11:00am - 6:00pm","https://www.tillys.com/stores"
"https://www.tillys.com","Glendale Galleria","2180 Glendale Galleria","Glendale","CA","91210","US","0125","818-240-0031","<MISSING>","34.146","-118.257","Monday Tuesday Wednesday Thursday Friday Saturday Sunday 10:00am - 9:00pm 10:00am - 9:00pm 10:00am - 9:00pm 10:00am - 9:00pm 10:00am - 9:00pm 10:00am - 9:00pm 11:00am - 7:00pm","https://www.tillys.com/stores"
"https://www.tillys.com","Gran Plaza Outlets","888 West 2nd Street","Calexico ","CA","92231","US","0201","760-618-7089","<MISSING>","32.666","-115.507","Monday Tuesday Wednesday Thursday Friday Saturday Sunday 10:00am - 9:00pm 10:00am - 9:00pm 10:00am - 9:00pm 10:00am - 9:00pm 10:00am - 9:00pm 10:00am - 9:00pm 10:00am - 7:00pm","https://www.tillys.com/stores"
"https://www.tillys.com","Gurnee Mills","6170 W. Grand Ave","Gurnee","IL","60031","US","0202","847-672-2036","<MISSING>","42.383","-87.955","Monday Tuesday Wednesday Thursday Friday Saturday Sunday 10:00am - 9:00pm 10:00am - 9:00pm 10:00am - 9:00pm 10:00am - 9:00pm 10:00am - 9:00pm 10:00am - 9:00pm 11:00am - 7:00pm","https://www.tillys.com/stores"
"https://www.tillys.com","Hacienda Crossings","4980 Dublin Blvd.","Dublin","CA","94568","US","0049","925-479-9156","<MISSING>","37.705","-121.886","Monday Tuesday Wednesday Thursday Friday Saturday Sunday 10:00am - 9:00pm 10:00am - 9:00pm 10:00am - 9:00pm 10:00am - 9:00pm 10:00am - 9:00pm 10:00am - 9:00pm 10:00am - 7:00pm","https://www.tillys.com/stores"
"https://www.tillys.com","Mt. Shasta Mall","900 Dana Drive","Redding","CA","96003","US","0246","(530) 999-6478","<MISSING>","40.587984","-122.355556","Monday Tuesday Wednesday Thursday Friday Saturday Sunday 10:00am - 9:00pm 10:00am - 9:00pm 10:00am - 9:00pm 10:00am - 9:00pm 10:00am - 9:00pm 10:00am - 9:00pm 11:00am - 6:00pm","https://www.tillys.com/stores"
"https://www.tillys.com","Hamilton Mall","4403 Black Horse Pike ","Mays Landing","NJ","08330","US","0111","609-272-7700","<MISSING>","39.454","-74.643","Monday Tuesday Wednesday Thursday Friday Saturday Sunday 10:00am - 9:00pm 10:00am - 9:00pm 10:00am - 9:00pm 10:00am - 9:00pm 10:00am - 9:00pm 10:00am - 9:00pm 11:00am - 6:00pm","https://www.tillys.com/stores"
"https://www.tillys.com","Happy Valley Shopping Center","2501 West Happy Valley Rd.","Phoenix","AZ","85027","US","0060","623-581-6673","<MISSING>","33.709","-112.113","Monday Tuesday Wednesday Thursday Friday Saturday Sunday 10:00am - 9:00pm 10:00am - 9:00pm 10:00am - 9:00pm 10:00am - 9:00pm 10:00am - 9:00pm 10:00am - 9:00pm 10:00am - 7:00pm","https://www.tillys.com/stores"
"https://www.tillys.com","Harden Ranch Plaza","1662 N. Main Street","Salinas","CA","93906","US","0144","831-442-0102","<MISSING>","36.71","-121.654","Monday Tuesday Wednesday Thursday Friday Saturday Sunday 10:00am - 9:00pm 10:00am - 9:00pm 10:00am - 9:00pm 10:00am - 9:00pm 10:00am - 9:00pm 10:00am - 9:00pm 11:00am - 7:00pm","https://www.tillys.com/stores"
"https://www.tillys.com","Hastings Village","3365 E. Foothill Blvd","Pasadena","CA","91107","US","0206","626-325-9025","<MISSING>","34.15","-118.082","Monday Tuesday Wednesday Thursday Friday Saturday Sunday 10:00am - 9:00pm 10:00am - 9:00pm 10:00am - 9:00pm 10:00am - 9:00pm 10:00am - 9:00pm 10:00am - 8:00pm 10:00am - 7:00pm","https://www.tillys.com/stores"
"https://www.tillys.com","Hulen Mall","4800 S. Hulen St.","Fort Worth","TX","76132","US","0241","817-840-0300","<MISSING>","32.679","-97.398","Monday Tuesday Wednesday Thursday Friday Saturday Sunday 10:00am - 9:00pm 10:00am - 9:00pm 10:00am - 9:00pm 10:00am - 9:00pm 10:00am - 9:00pm 10:00am - 9:00pm 12:00pm - 6:00pm","https://www.tillys.com/stores"
"https://www.tillys.com","Huntington Shopping Center","350 Route 110","Huntington","NY","11746","US","0166","631-421-1170","<MISSING>","40.816","-73.411","Monday Tuesday Wednesday Thursday Friday Saturday Sunday 10:00am - 9:00pm 10:00am - 9:00pm 10:00am - 9:00pm 10:00am - 9:00pm 10:00am - 9:00pm 10:00am - 9:00pm 11:00am - 7:00pm","https://www.tillys.com/stores"
"https://www.tillys.com","Independence Center","18813 E 39th Street South","Independence","MO","64057","US","0210","816-448-9476","<MISSING>","39.046","-94.358","Monday Tuesday Wednesday Thursday Friday Saturday Sunday 10:00am - 9:00pm 10:00am - 9:00pm 10:00am - 9:00pm 10:00am - 9:00pm 10:00am - 9:00pm 10:00am - 9:00pm 12:00pm - 6:00pm","https://www.tillys.com/stores"
"https://www.tillys.com","Inland Center","432 Inland Center Mall","San Bernardino","CA","92408","US","0131","909-381-1850","<MISSING>","34.091616","-117.294638","Monday Tuesday Wednesday Thursday Friday Saturday Sunday 10:00am - 9:00pm 10:00am - 9:00pm 10:00am - 9:00pm 10:00am - 9:00pm 10:00am - 9:00pm 10:00am - 9:00pm 11:00am - 7:00pm","https://www.tillys.com/stores"
"https://www.tillys.com","Irvine Spectrum Center","723 Spectrum Center Drive","Irvine","CA","92618","US","0031","949-788-0781","<MISSING>","33.649","-117.745","Monday Tuesday Wednesday Thursday Friday Saturday Sunday  10:00am - 9:00pm 10:00am - 9:00pm 10:00am - 9:00pm 10:00am - 9:00pm 10:00am - 10:00pm 10:00am - 10:00pm 10:00am - 9:00pm","https://www.tillys.com/stores"
"https://www.tillys.com","Jordan Landing ","3746 W Center Park Drive","West Jordan","UT","84084","US","0158","801-280-5099","<MISSING>","40.62","-111.983","Monday Tuesday Wednesday Thursday Friday Saturday Sunday 10:00am - 9:00pm 10:00am - 9:00pm 10:00am - 9:00pm 10:00am - 9:00pm 10:00am - 9:00pm 10:00am - 9:00pm 11:00am - 6:00pm","https://www.tillys.com/stores"
"https://www.tillys.com","La Palmera","5488 S. Padre Island Dr.","Corpus Christi","TX","78411","US","0240","361-792-7632","<MISSING>","27.711","-97.373","Monday Tuesday Wednesday Thursday Friday Saturday Sunday 10:00am - 9:00pm 10:00am - 9:00pm 10:00am - 9:00pm 10:00am - 9:00pm 10:00am - 9:00pm 10:00am - 9:00pm 11:00am - 7:00pm","https://www.tillys.com/stores"
"https://www.tillys.com","Lakeside Mall","14600 Lakeside Circle","Sterling Heights","MI","48313","US","0200","586-843-2025","<MISSING>","42.623","-82.986","Monday Tuesday Wednesday Thursday Friday Saturday Sunday  10:00am - 9:00pm 10:00am - 9:00pm 10:00am - 9:00pm 10:00am - 9:00pm 10:00am - 9:00pm 10:00am - 9:00pm 12:00pm - 6:00pm","https://www.tillys.com/stores"
"https://www.tillys.com","Lehigh Valley Mall","170 Lehigh Valley Mall","Whitehall","PA","18052","US","0130","610-231-1554","<MISSING>","40.63","-75.483","Monday Tuesday Wednesday Thursday Friday Saturday Sunday 10:00am - 9:00pm 10:00am - 9:00pm 10:00am - 9:00pm 10:00am - 9:00pm 10:00am - 9:00pm 10:00am - 9:00pm 11:00am - 6:00pm","https://www.tillys.com/stores"
"https://www.tillys.com","Long Beach Towne Center","7350 Carson Blvd.","Long Beach","CA","90808","US","0017","562-496-0012","<MISSING>","33.828","-118.087","Monday Tuesday Wednesday Thursday Friday Saturday Sunday 10:00am - 9:00pm 10:00am - 9:00pm 10:00am - 9:00pm 10:00am - 9:00pm 10:00am - 9:00pm 10:00am - 9:00pm 10:00am - 8:00pm","https://www.tillys.com/stores"
"https://www.tillys.com","Lynnhaven Mall","701 Lynnhaven Parkway","Virginia Beach","VA","23452","US","0108","757-340-8480","<MISSING>","36.818","-76.07","Monday Tuesday Wednesday Thursday Friday Saturday Sunday 10:00am - 9:00pm 10:00am - 9:00pm 10:00am - 9:00pm 10:00am - 9:00pm 10:00am - 9:00pm 10:00am - 9:00pm 11:00am - 6:00pm","https://www.tillys.com/stores"
"https://www.tillys.com","Mall at Simi Valley Town Center","1555 Simi Town Center Way","Simi Valley","CA","93065","US","0053","805-579-0267","<MISSING>","34.284","-118.769","Monday Tuesday Wednesday Thursday Friday Saturday Sunday 10:00am - 8:00pm 10:00am - 8:00pm 10:00am - 8:00pm 10:00am - 9:00pm 10:00am - 9:00pm 10:00am - 9:00pm 11:00am - 7:00pm","https://www.tillys.com/stores"
"https://www.tillys.com","Mall of Victor Valley","14400 Bear Valley Rd.","Victorville","CA","92392","US","0103","760-955-7626","<MISSING>","34.473","-117.348","Monday Tuesday Wednesday Thursday Friday Saturday Sunday 10:00am - 9:00pm 10:00am - 9:00pm 10:00am - 9:00pm 10:00am - 9:00pm 10:00am - 9:00pm 10:00am - 8:00pm 11:00am - 7:00pm","https://www.tillys.com/stores"
"https://www.tillys.com","Marketplace at El Paseo","6581 N. Riverside Drive","Fresno","CA","93722","US","0209","559-470-6810","<MISSING>","36.833","-119.906","Monday Tuesday Wednesday Thursday Friday Saturday Sunday 10:00am - 9:00pm 10:00am - 9:00pm 10:00am - 9:00pm 10:00am - 9:00pm 10:00am - 9:00pm 10:00am - 9:00pm 11:00am - 7:00pm","https://www.tillys.com/stores"
"https://www.tillys.com","Marketplace at Glendora","1327 East Gladstone St.","Glendora","CA","91740","US","0068","909-394-7252","<MISSING>","34.114","-117.875","Monday Tuesday Wednesday Thursday Friday Saturday Sunday 10:00am - 9:00pm 10:00am - 9:00pm 10:00am - 9:00pm 10:00am - 9:00pm 10:00am - 9:00pm 10:00am - 9:00pm 10:00am - 7:00pm","https://www.tillys.com/stores"
"https://www.tillys.com","Meadowood Mall","5000 Meadowood Mall Circle","Reno","NV","89502","US","0065","775-826-4519","<MISSING>","39.475","-119.78","Monday Tuesday Wednesday Thursday Friday Saturday Sunday 10:00am - 9:00pm 10:00am - 9:00pm 10:00am - 9:00pm 10:00am - 9:00pm 10:00am - 9:00pm 10:00am - 9:00pm 11:00am - 7:00pm","https://www.tillys.com/stores"
"https://www.tillys.com","Meadows Mall","4300 Meadows Lane","Las Vegas","NV","89107","US","0056","702-821-1416","<MISSING>","36.172","-115.197","Monday Tuesday Wednesday Thursday Friday Saturday Sunday 10:00am - 9:00pm 10:00am - 9:00pm 10:00am - 9:00pm 10:00am - 9:00pm 10:00am - 9:00pm 10:00am - 9:00pm 10:00am - 6:00pm","https://www.tillys.com/stores"
"https://www.tillys.com","Melbourne Square","1700 West New Haven Blvd.","Melbourne","FL","32904","US","0073","321-951-9282","<MISSING>","28.08","-80.651","Monday Tuesday Wednesday Thursday Friday Saturday Sunday 10:00am - 9:00pm 10:00am - 9:00pm 10:00am - 9:00pm 10:00am - 9:00pm 10:00am - 9:00pm 10:00am - 9:00pm 12:00pm - 6:00pm","https://www.tillys.com/stores"
"https://www.tillys.com","Mercantile East","27562 Antonio Pkwy.","Ladera Ranch","CA","92694","US","0094","949-347-8823","<MISSING>","33.581","-117.631","Monday Tuesday Wednesday Thursday Friday Saturday Sunday 10:00am - 9:00pm 10:00am - 9:00pm 10:00am - 9:00pm 10:00am - 9:00pm 10:00am - 9:00pm 10:00am - 8:00pm 10:00am - 7:00pm","https://www.tillys.com/stores"
"https://www.tillys.com","Merced Mall","250 Merced Mall","Merced","CA","95348","US","0143","209-383-0107","<MISSING>","37.321","-120.483","Monday Tuesday Wednesday Thursday Friday Saturday Sunday 10:00am - 9:00pm 10:00am - 9:00pm 10:00am - 9:00pm 10:00am - 9:00pm 10:00am - 9:00pm 10:00am - 9:00pm 11:00am - 6:00pm","https://www.tillys.com/stores"
"https://www.tillys.com","Metro Pointe at South Coast","901 K South Coast Drive","Costa Mesa","CA","92626","US","0011","714-979-8853","<MISSING>","33.689","-117.896","Monday Tuesday Wednesday Thursday Friday Saturday Sunday 10:00am - 9:00pm 10:00am - 9:00pm 10:00am - 9:00pm 10:00am - 9:00pm 10:00am - 9:00pm 10:00am - 9:00pm 10:00am - 8:00pm","https://www.tillys.com/stores"
"https://www.tillys.com","Millcreek Mall","185 Millcreek Mall","Erie","PA","16565","US","0196","814-844-6012","<MISSING>","42.069","-80.104","Monday Tuesday Wednesday Thursday Friday Saturday Sunday 10:00am - 9:00pm 10:00am - 9:00pm 10:00am - 9:00pm 10:00am - 9:00pm 10:00am - 9:00pm 10:00am - 9:00pm 11:00am - 6:00pm","https://www.tillys.com/stores"
"https://www.tillys.com","Mira Mesa Marketplace","10661 Westview Parkway","San Diego","CA","92126","US","0127","858-790-0607","<MISSING>","32.915","-117.121","Monday Tuesday Wednesday Thursday Friday Saturday Sunday 10:00am - 9:00pm 10:00am - 9:00pm 10:00am - 9:00pm 10:00am - 9:00pm 10:00am - 9:00pm 10:00am - 9:00pm 10:00am - 6:00pm","https://www.tillys.com/stores"
"https://www.tillys.com","Mission Valley Mall","1640 Camino Del Rio North","San Diego","CA","92108","US","0051","619-294-3160","<MISSING>","32.768","-117.147","Monday Tuesday Wednesday Thursday Friday Saturday Sunday 10:00am - 9:00pm 10:00am - 9:00pm 10:00am - 9:00pm 10:00am - 9:00pm 10:00am - 9:00pm 10:00am - 9:00pm 11:00am - 6:00pm","https://www.tillys.com/stores"
"https://www.tillys.com","Montclair Plaza","5144 E Montclair Plaza Lane","Montclair","CA","91763","US","0113","909-624-4034","<MISSING>","34.087","-117.692","Monday Tuesday Wednesday Thursday Friday Saturday Sunday  10:00am - 8:30pm 10:00am - 8:30pm 10:00am - 8:30pm 10:00am - 8:30pm 10:00am - 8:30pm 10:00am - 8:30pm 11:00am - 7:00pm","https://www.tillys.com/stores"
"https://www.tillys.com","Monte Vista Crossing","2737 Countryside Drive","Turlock","CA","95380","US","0224","209-226-7010","<MISSING>","37.515","-120.878","Monday Tuesday Wednesday Thursday Friday Saturday Sunday 10:00am - 9:00pm 10:00am - 9:00pm 10:00am - 9:00pm 10:00am - 9:00pm 10:00am - 9:00pm 10:00am - 9:00pm 11:00am - 7:00pm","https://www.tillys.com/stores"
"https://www.tillys.com","Moreno Valley Mall","22500 Town Circle","Moreno Valley","CA","92553","US","0214","951-571-2007","<MISSING>","33.939","-117.271","Monday Tuesday Wednesday Thursday Friday Saturday Sunday 10:00am - 9:00pm 10:00am - 9:00pm 10:00am - 9:00pm 10:00am - 9:00pm 10:00am - 9:00pm 10:00am - 9:00pm 11:00am - 7:00pm","https://www.tillys.com/stores"
"https://www.tillys.com","Mountain Grove at Citrus Plaza","27461 San Bernardino Ave.","Redlands","CA","92374","US","0231","909-801-3005","<MISSING>","34.077","-117.204","Monday Tuesday Wednesday Thursday Friday Saturday Sunday 10:00am - 9:00pm 10:00am - 9:00pm 10:00am - 9:00pm 10:00am - 9:00pm 10:00am - 9:00pm 10:00am - 9:00pm 11:00am - 7:00pm","https://www.tillys.com/stores"
"https://www.tillys.com","North Point Mall","2164 North Point Circle","Alpharetta","GA","30022","US","0163","770-569-0184","<MISSING>","34.05","-84.298","Monday Tuesday Wednesday Thursday Friday Saturday Sunday 10:00am - 9:00pm 10:00am - 9:00pm 10:00am - 9:00pm 10:00am - 9:00pm 10:00am - 9:00pm 10:00am - 9:00pm 12:00pm - 7:00pm","https://www.tillys.com/stores"
"https://www.tillys.com","Northgate","5800 Northgate Drive","San Rafael","CA","94903","US","0116","415-499-1262","<MISSING>","38.005","-122.546","Monday Tuesday Wednesday Thursday Friday Saturday Sunday 10:00am - 8:00pm 10:00am - 8:00pm 10:00am - 8:00pm 10:00am - 8:00pm 10:00am - 9:00pm 10:00am - 9:00pm 11:00am - 6:00pm","https://www.tillys.com/stores"
"https://www.tillys.com","Northshore Mall","210 Andover Street","Peabody","MA","01960","US","0179","978-531-1147","<MISSING>","42.543","-70.942","Monday Tuesday Wednesday Thursday Friday Saturday Sunday 10:00am - 9:00pm 10:00am - 9:00pm 10:00am - 9:00pm 10:00am - 9:00pm 10:00am - 9:00pm 10:00am - 9:00pm 11:00am - 6:00pm","https://www.tillys.com/stores"
"https://www.tillys.com","Nut Tree Village","1641 East Monte Vista Ave.","Vacaville","CA","95688","US","0066","707-452-0521","<MISSING>","38.369","-121.963","Monday Tuesday Wednesday Thursday Friday Saturday Sunday 10:00am - 9:00pm 10:00am - 9:00pm 10:00am - 9:00pm 10:00am - 9:00pm 10:00am - 9:00pm 10:00am - 9:00pm 10:00am - 7:00pm","https://www.tillys.com/stores"
"https://www.tillys.com","Nyberg Woods","7039 SW Nyberg St.","Tualatin","OR","97062","US","0151","503-691-1300","<MISSING>","45.383","-122.748","Monday Tuesday Wednesday Thursday Friday Saturday Sunday 10:00am - 9:00pm 10:00am - 9:00pm 10:00am - 9:00pm 10:00am - 9:00pm 10:00am - 9:00pm 10:00am - 9:00pm 10:00am - 7:00pm","https://www.tillys.com/stores"
"https://www.tillys.com","Ontario Mills","One Mills Rd.","Ontario","CA","91764","US","0012","909-481-7112","<MISSING>","34.076","-117.555","Monday Tuesday Wednesday Thursday Friday Saturday Sunday 10:00am - 9:00pm 10:00am - 9:00pm 10:00am - 9:00pm 10:00am - 9:00pm 10:00am - 9:00pm 10:00am - 9:00pm 11:00am - 8:00pm","https://www.tillys.com/stores"
"https://www.tillys.com","Opry Mills","433 Opry Mills Drive","Nashville","TN","37214","US","0153","615-678-0324","<MISSING>","36.203","-86.693","Monday Tuesday Wednesday Thursday Friday Saturday Sunday 10:00am - 9:00pm 10:00am - 9:00pm 10:00am - 9:00pm 10:00am - 9:00pm 10:00am - 9:00pm 10:00am - 9:00pm 11:00am - 7:00pm","https://www.tillys.com/stores"
"https://www.tillys.com","Orange Park Mall","1910 Wells Rd.","Orange Park","FL","32073","US","0086","904-264-0892","<MISSING>","30.184","-81.736","Monday Tuesday Wednesday Thursday Friday Saturday Sunday 10:00am - 9:00pm 10:00am - 9:00pm 10:00am - 9:00pm 10:00am - 9:00pm 10:00am - 9:00pm 10:00am - 9:00pm 12:00pm - 6:00pm","https://www.tillys.com/stores"
"https://www.tillys.com","Orchard Town Center","14647 Delaware St.","Westminster","CO","80023","US","0082","303-254-5900","<MISSING>","39.962","-104.992","Monday Tuesday Wednesday Thursday Friday Saturday Sunday 10:00am - 8:00pm 10:00am - 8:00pm 10:00am - 8:00pm 10:00am - 8:00pm 10:00am - 9:00pm 10:00am - 9:00pm 11:00am - 6:00pm","https://www.tillys.com/stores"
"https://www.tillys.com","Outlets at San Clemente","101 West Avenida Vista Hermosa","San Clemente","CA","92672","US","0233","949-226-5314","<MISSING>","33.439","-117.628","Monday Tuesday Wednesday Thursday Friday Saturday Sunday  10:00am - 8:00pm 10:00am - 8:00pm 10:00am - 8:00pm 10:00am - 8:00pm 10:00am - 9:00pm 9:30am - 9:00pm 10:00am - 8:00pm","https://www.tillys.com/stores"
"https://www.tillys.com","Outlets at Tejon Ranch","5701 Outlets at Tejon Pkwy","Arvin","CA","93203","US","0217","661-606-6002","<MISSING>","35.039","-118.644","Monday Tuesday Wednesday Thursday Friday Saturday Sunday  10:00am - 9:00pm 10:00am - 9:00pm 10:00am - 9:00pm 10:00am - 9:00pm 10:00am - 9:00pm 10:00am - 9:00pm 10:00am - 8:00pm","https://www.tillys.com/stores"
"https://www.tillys.com","Pacific Commons","43732 Christy St.","Fremont","CA","94538","US","0243","510-946-8398","<MISSING>","37.504","-121.966","Monday Tuesday Wednesday Thursday Friday Saturday Sunday 10:00am - 9:00pm 10:00am - 9:00pm 10:00am - 9:00pm 10:00am - 9:00pm 10:00am - 9:00pm 10:00am - 9:00pm 11:00am - 7:00pm","https://www.tillys.com/stores"
"https://www.tillys.com","Packwood Creek","4039 South South Mooney Blvd.","Visalia","CA","93277","US","0080","559-733-3165","<MISSING>","36.294","-119.314","Monday Tuesday Wednesday Thursday Friday Saturday Sunday 10:00am - 9:00pm 10:00am - 9:00pm 10:00am - 9:00pm 10:00am - 9:00pm 10:00am - 9:00pm 10:00am - 8:00pm 11:00am - 6:00pm","https://www.tillys.com/stores"
"https://www.tillys.com","Palm Beach Outlets","1731 Palm Beach Lakes Blvd.","West Palm Beach","FL","33401","US","0207","561-227-0615","<MISSING>","26.724","-80.085","Monday Tuesday Wednesday Thursday Friday Saturday Sunday 10:00am - 9:00pm 10:00am - 9:00pm 10:00am - 9:00pm 10:00am - 9:00pm 10:00am - 9:00pm 10:00am - 9:00pm 11:00am - 7:00pm","https://www.tillys.com/stores"
"https://www.tillys.com","Paradise Valley Mall","4550 East Cactus Rd.","Phoenix","AZ","85032","US","0046","602-867-6673","<MISSING>","33.599","-111.981","Monday Tuesday Wednesday Thursday Friday Saturday Sunday 10:00am - 9:00pm 10:00am - 9:00pm 10:00am - 9:00pm 10:00am - 9:00pm 10:00am - 9:00pm 10:00am - 9:00pm 11:00am - 6:00pm","https://www.tillys.com/stores"
"https://www.tillys.com","Park Meadows","8505 Park Meadows Center Drive","Lone Tree","CO","80124","US","0230","303-248-2217","<MISSING>","39.563","-104.877","Monday Tuesday Wednesday Thursday Friday Saturday Sunday 10:00am - 9:00pm 10:00am - 9:00pm 10:00am - 9:00pm 10:00am - 9:00pm 10:00am - 9:00pm 10:00am - 9:00pm 11:00am - 6:00pm","https://www.tillys.com/stores"
"https://www.tillys.com","Patrick Henry Mall","12300 Jefferson Ave","Newport News","VA","23602","US","0112","757-249-2346","<MISSING>","37.112","-76.496","Monday Tuesday Wednesday Thursday Friday Saturday Sunday 10:00am - 9:00pm 10:00am - 9:00pm 10:00am - 9:00pm 10:00am - 9:00pm 10:00am - 9:00pm 10:00am - 9:00pm 12:00pm - 6:00pm","https://www.tillys.com/stores"
"https://www.tillys.com","Pembroke Lakes Mall","11401 Pines Blvd","Pembroke Pines","FL","33026","US","0093","954-437-0698","<MISSING>","26.011","-80.301","Monday Tuesday Wednesday Thursday Friday Saturday Sunday 10:00am - 9:00pm 10:00am - 9:00pm 10:00am - 9:00pm 10:00am - 9:00pm 10:00am - 9:00pm 10:00am - 9:00pm 12:00pm - 6:00pm","https://www.tillys.com/stores"
"https://www.tillys.com","Penn Square Mall","1901 NW Expressway","Oklahoma City","OK","73118","US","0211","405-486-7891","<MISSING>","35.525","-97.544","Monday Tuesday Wednesday Thursday Friday Saturday Sunday 10:00am - 9:00pm 10:00am - 9:00pm 10:00am - 9:00pm 10:00am - 9:00pm 10:00am - 9:00pm 10:00am - 9:00pm 12:00pm - 6:00pm","https://www.tillys.com/stores"
"https://www.tillys.com","Pier Park","201 Bluefish Dr.","Panama City Beach","FL","32413","US","0085","850-230-2655","<MISSING>","30.22","-85.87","Monday Tuesday Wednesday Thursday Friday Saturday Sunday 10:00am - 8:00pm 10:00am - 8:00pm 10:00am - 8:00pm 10:00am - 8:00pm 10:00am - 8:00pm 10:00am - 8:00pm 12:00pm - 6:00pm","https://www.tillys.com/stores"
"https://www.tillys.com","Plaza Bonita","3030 Plaza Bonita Rd.","National City","CA","91950","US","0236","619-791-2121","<MISSING>","32.656","-117.066","Monday Tuesday Wednesday Thursday Friday Saturday Sunday 10:00am - 9:00pm 10:00am - 9:00pm 10:00am - 9:00pm 10:00am - 9:00pm 10:00am - 9:00pm 10:00am - 9:00pm 11:00am - 7:00pm","https://www.tillys.com/stores"
"https://www.tillys.com","Plaza Escuela","1179 Locust Street","Walnut Creek","CA","94596","US","0133","925-937-1172","<MISSING>","37.896","-122.061","Monday Tuesday Wednesday Thursday Friday Saturday Sunday 10:00am - 9:00pm 10:00am - 9:00pm 10:00am - 9:00pm 10:00am - 9:00pm 10:00am - 9:00pm 10:00am - 9:00pm 10:00am - 7:00pm","https://www.tillys.com/stores"
"https://www.tillys.com","Plaza West Covina","112 Plaza Dr.","West Covina","CA","91790","US","0037","626-962-0017","<MISSING>","34.072","-117.935","Monday Tuesday Wednesday Thursday Friday Saturday Sunday 10:00am - 9:00pm 10:00am - 9:00pm 10:00am - 9:00pm 10:00am - 9:00pm 10:00am - 9:00pm 10:00am - 9:00pm 11:00am - 7:00pm","https://www.tillys.com/stores"
"https://www.tillys.com","Porter Ranch Town Center","19811 Rinaldi St.","Northridge","CA","91326","US","0020","818-368-9908","<MISSING>","34.275","-118.57","Monday Tuesday Wednesday Thursday Friday Saturday Sunday 10:00am - 9:00pm 10:00am - 9:00pm 10:00am - 9:00pm 10:00am - 9:00pm 10:00am - 9:00pm 10:00am - 9:00pm 10:00am - 7:00pm","https://www.tillys.com/stores"
"https://www.tillys.com","Potomac Mills","2700 Potomac Mills Circle","Woodbridge","VA","22192","US","0139","703-490-3673","<MISSING>","38.644","-77.293","Monday Tuesday Wednesday Thursday Friday Saturday Sunday 10:00am - 9:00pm 10:00am - 9:00pm 10:00am - 9:00pm 10:00am - 9:00pm 10:00am - 9:00pm 10:00am - 9:00pm 11:00am - 6:00pm","https://www.tillys.com/stores"
"https://www.tillys.com","Orlando Premium Outlets International","4967 International Drive","Orlando","FL","32819","US","0119","407-903-0584","<MISSING>","28.472","-81.45","Monday Tuesday Wednesday Thursday Friday Saturday Sunday 10:00am - 11:00pm 10:00am -11:00pm 10:00am - 11:00pm 10:00am - 11:00pm 10:00am - 11:00pm 10:00am - 11:00pm 10:00am - 9:00pm","https://www.tillys.com/stores"
"https://www.tillys.com","Promenade at Frank Lloyd Wright Blvd","16455 North Scottsdale Rd.","Scottsdale","AZ","85254","US","0041","480-368-9266","<MISSING>","33.636","-111.923","Monday Tuesday Wednesday Thursday Friday Saturday Sunday 10:00am - 9:00pm 10:00am - 9:00pm 10:00am - 9:00pm 10:00am - 9:00pm 10:00am - 9:00pm 10:00am - 9:00pm 10:00am - 7:00pm","https://www.tillys.com/stores"
"https://www.tillys.com","Promenade at Town Center","27027 McBean Pkwy.","Valencia","CA","91355","US","0028","661-255-9282","<MISSING>","34.421504","-118.56498","Monday Tuesday Wednesday Thursday Friday Saturday Sunday 10:00am - 9:00pm 10:00am - 9:00pm 10:00am - 9:00pm 10:00am - 9:00pm 10:00am - 9:00pm 10:00am - 9:00pm 10:00am - 8:00pm","https://www.tillys.com/stores"
"https://www.tillys.com","Promenade in Temecula","40820 Winchester Rd","Temecula","CA","92591","US","0016","951-296-0967","<MISSING>","33.525","-117.153","Monday Tuesday Wednesday Thursday Friday Saturday Sunday 10:00am - 9:00pm 10:00am - 9:00pm 10:00am - 9:00pm 10:00am - 9:00pm 10:00am - 9:00pm 10:00am - 9:00pm 11:00am - 7:00pm","https://www.tillys.com/stores"
"https://www.tillys.com","Providence Town Center","40 Town Center Drive","Collegeville","PA","19426","US","0171","610-831-2116","<MISSING>","40.194","-75.465","Monday Tuesday Wednesday Thursday Friday Saturday Sunday 10:00am - 9:00pm 10:00am - 9:00pm 10:00am - 9:00pm 10:00am - 9:00pm 10:00am - 9:00pm 10:00am - 9:30pm 11:00am - 6:00pm","https://www.tillys.com/stores"
"https://www.tillys.com","Empire Mall","4001 West 41st Street","Sioux Falls","SD","57106","US","0147","605-361-2033","<MISSING>","43.515","-96.774","Monday Tuesday Wednesday Thursday Friday Saturday Sunday 10:00am - 9:00pm 10:00am - 9:00pm 10:00am - 9:00pm 10:00am - 9:00pm 10:00am - 9:00pm 10:00am - 9:00pm 12:00pm - 6:00pm","https://www.tillys.com/stores"
"https://www.tillys.com","Cielo Vista Mall","8401 Gateway Blvd W","El Paso","TX","79925","US","0178","915-771-0012","<MISSING>","31.776","-106.378","Monday Tuesday Wednesday Thursday Friday Saturday Sunday 10:00am - 9:00pm 10:00am - 9:00pm 10:00am - 9:00pm 10:00am - 9:00pm 10:00am - 9:00pm 10:00am - 9:00pm 12:00pm - 6:00pm","https://www.tillys.com/stores"
"https://www.tillys.com","RSQ by Tillys  King of Prussia","160 N Gulph Road Suite 2057","King of Prussia","PA","19406","US","0402","(610) 382-9518","<MISSING>","40.087906","-75.389763","Monday Tuesday Wednesday Thursday Friday Saturday Sunday 10:00am - 9:00pm 10:00am - 9:00pm 10:00am - 9:00pm 10:00am - 9:00pm 10:00am - 9:00pm 10:00am - 9:00pm 11:00pm - 6:00pm","https://www.tillys.com/stores"
"https://www.tillys.com","The Parke","5001 183A Frontage Road","Cedar Park","TX","78613","US","0266","<MISSING>","<MISSING>","30.533732","-97.818441","<MISSING>","https://www.tillys.com/stores"
"https://www.tillys.com","The Shops at Tanforan","1150 El Camino Real","San Bruno","CA","94066","US","0054","650-872-1678","<MISSING>","37.636","-122.419","Monday Tuesday Wednesday Thursday Friday Saturday Sunday 10:00am - 9:00pm 10:00am - 9:00pm 10:00am - 9:00pm 10:00am - 9:00pm 10:00am - 9:00pm 10:00am - 9:00pm 11:00am - 7:00pm","https://www.tillys.com/stores"
"https://www.tillys.com","The Shops at Wiregrass","28163 Paseo Dr.","Wesley Chapel","FL","33544","US","0098","813-994-9383","<MISSING>","28.189","-82.349","Monday Tuesday Wednesday Thursday Friday Saturday Sunday 10:00am - 9:00pm 10:00am - 9:00pm 10:00am - 9:00pm 10:00am - 9:00pm 10:00am - 9:00pm 10:00am - 9:00pm 12:00pm - 6:00pm","https://www.tillys.com/stores"
"https://www.tillys.com","Tippecanoe Mall","2415 Sagamore Parkway South","Lafayette","IN","47905","US","0167","765-446-1105","<MISSING>","40.394","-86.852","Monday Tuesday Wednesday Thursday Friday Saturday Sunday 10:00am - 9:00pm 10:00am - 9:00pm 10:00am - 9:00pm 10:00am - 9:00pm 10:00am - 9:00pm 10:00am - 9:00pm 12:00pm - 6:00pm","https://www.tillys.com/stores"
"https://www.tillys.com","Topanga Plaza","6600 Topanga Canyon Blvd","Canoga Park","CA","91303","US","0121","818-226-0013","<MISSING>","34.19","-118.605","Monday Tuesday Wednesday Thursday Friday Saturday Sunday 10:00am - 9:00pm 10:00am - 9:00pm 10:00am - 9:00pm 10:00am - 9:00pm 10:00am - 9:00pm 10:00am - 9:00pm 11:00am - 7:00pm","https://www.tillys.com/stores"
"https://www.tillys.com","Tower Shops","2150 S. University Drive","Davie","FL","33324","US","0181","954-331-2988","<MISSING>","26.094","-80.251","Monday Tuesday Wednesday Thursday Friday Saturday Sunday 10:00am - 9:00pm 10:00am - 9:00pm 10:00am - 9:00pm 10:00am - 9:00pm 10:00am - 9:00pm 10:00am - 9:00pm 12:00pm - 6:00pm","https://www.tillys.com/stores"
"https://www.tillys.com","Town Center Plaza","5000 W 119th Street","Leawood","KS","66209","US","0199","913-563-1050","<MISSING>","38.915","-94.644","Monday Tuesday Wednesday Thursday Friday Saturday Sunday 10:00am - 9:00pm 10:00am - 9:00pm 10:00am - 9:00pm 10:00am - 9:00pm 10:00am - 9:00pm 10:00am - 9:00pm 12:00pm - 5:00pm    Holiday Hours:  Easter  4/21:Closed","https://www.tillys.com/stores"
"https://www.tillys.com","Town East Mall","1024 Town East Mall","Mesquite","TX","75150","US","0204","214-765-9432","<MISSING>","32.809","-96.627","Monday Tuesday Wednesday Thursday Friday Saturday Sunday 10:00am - 9:00pm 10:00am - 9:00pm 10:00am - 9:00pm 10:00am - 9:00pm 10:00am - 9:00pm 10:00am - 9:00pm 12:00pm - 6:00pm","https://www.tillys.com/stores"
"https://www.tillys.com","Towne East Square","7700 E Kellogg Drive","Wichita","KS","67207","US","0203","316-789-7066","<MISSING>","37.683","-97.249","Monday Tuesday Wednesday Thursday Friday Saturday Sunday 10:00am - 9:00pm 10:00am - 9:00pm 10:00am - 9:00pm 10:00am - 9:00pm 10:00am - 9:00pm 10:00am - 9:00pm 12:00pm - 6:00pm","https://www.tillys.com/stores"
"https://www.tillys.com","Tucson Mall","4500 North Oracle Rd.","Tucson","AZ","85705","US","0074","520-293-3803","<MISSING>","32.291","-110.973","Monday Tuesday Wednesday Thursday Friday Saturday Sunday 10:00am - 9:00pm 10:00am - 9:00pm 10:00am - 9:00pm 10:00am - 9:00pm 10:00am - 9:00pm 10:00am - 9:00pm 12:00pm - 6:00pm","https://www.tillys.com/stores"
"https://www.tillys.com","Tucson Premium Outlets","6401 West Marana Center Blvd.","Tucson","AZ","85653","US","0234","520-239-1930","<MISSING>","32.449","-111.213","Monday Tuesday Wednesday Thursday Friday Saturday Sunday 10:00am - 9:00pm 10:00am - 9:00pm 10:00am - 9:00pm 10:00am - 9:00pm 10:00am - 9:00pm 10:00am - 9:00pm 10:00am - 7:00pm","https://www.tillys.com/stores"
"https://www.tillys.com","Tucson Spectrum","5145 South Calle Santa Cruz","Tucson","AZ","85706","US","0091","520-741-1845","<MISSING>","32.157","-110.991","Monday Tuesday Wednesday Thursday Friday Saturday Sunday 10:00am - 9:00pm 10:00am - 9:00pm 10:00am - 9:00pm 10:00am - 9:00pm 10:00am - 9:00pm 10:00am - 9:00pm 11:00am - 6:00pm","https://www.tillys.com/stores"
"https://www.tillys.com","Tulare","1497 Retherford St.","Tulare","CA","93274","US","0099","559-687-0976","<MISSING>","36.231","-119.335","Monday Tuesday Wednesday Thursday Friday Saturday Sunday 10:00am - 9:00pm 10:00am - 9:00pm 10:00am - 9:00pm 10:00am - 9:00pm 10:00am - 9:00pm 10:00am - 9:00pm 10:00am - 7:00pm","https://www.tillys.com/stores"
"https://www.tillys.com","Twin Cities Premium Outlets","3995 Eagan Outlets Pkwy","Eagan","MN","55122","US","0219","952-229-5045","<MISSING>","44.815","-93.214","Monday Tuesday Wednesday Thursday Friday Saturday Sunday 10:00am - 9:00pm 10:00am - 9:00pm 10:00am - 9:00pm 10:00am - 9:00pm 10:00am - 9:00pm 10:00am - 9:00pm 10:00am - 7:00pm","https://www.tillys.com/stores"
"https://www.tillys.com","Tyrone Square","6933 Tyrone Square","St. Petersburg","FL","33710","US","0087","727-341-6484","<MISSING>","27.795","-82.732","Monday Tuesday Wednesday Thursday Friday Saturday Sunday 10:00am - 9:00pm 10:00am - 9:00pm 10:00am - 9:00pm 10:00am - 9:00pm 10:00am - 9:00pm 10:00am - 9:00pm 11:00am - 7:00pm","https://www.tillys.com/stores"
"https://www.tillys.com","University Park Mall","6501 N. Grape Road","Mishawaka","IN","46545","US","0189","574-400-4174","<MISSING>","41.719","-86.19","Monday Tuesday Wednesday Thursday Friday Saturday Sunday  10:00am - 9:00pm 10:00am - 9:00pm 10:00am - 9:00pm 10:00am - 9:00pm 10:00am - 9:00pm 10:00am - 9:00pm 11:00am - 6:00pm","https://www.tillys.com/stores"
"https://www.tillys.com","Valley Plaza","2701 Ming Ave.","Bakersfield","CA","93304","US","0088","661-833-3598","<MISSING>","35.338","-119.034","Monday Tuesday Wednesday Thursday Friday Saturday Sunday 10:00am - 9:00pm 10:00am - 9:00pm 10:00am - 9:00pm 10:00am - 9:00pm 10:00am - 9:00pm 10:00am - 9:00pm 11:00am - 6:00pm","https://www.tillys.com/stores"
"https://www.tillys.com","Victoria Gardens","12518 N. Mainstreet","Rancho Cucamonga","CA","91739","US","0141","909-463-1292","<MISSING>","34.112","-117.53","Monday Tuesday Wednesday Thursday Friday Saturday Sunday 10:00am - 9:00pm 10:00am - 9:00pm 10:00am - 9:00pm 10:00am - 9:00pm 10:00am - 10:00pm 10:00am - 10:00pm 11:00am - 7:00pm","https://www.tillys.com/stores"
"https://www.tillys.com","Village at Moorpark","33 North Moorpark Rd.","Thousand Oaks","CA","91360","US","0035","805-494-1955","<MISSING>","34.18","-118.877","Monday Tuesday Wednesday Thursday Friday Saturday Sunday 10:00am - 9:00pm 10:00am - 9:00pm 10:00am - 9:00pm 10:00am - 9:00pm 10:00am - 9:00pm 10:00am - 9:00pm 10:00am - 8:00pm","https://www.tillys.com/stores"
"https://www.tillys.com","Vintage Faire","3401 Dale Road","Modesto","CA","95356","US","0118","209-550-0518","<MISSING>","37.69","-121.05","Monday Tuesday Wednesday Thursday Friday Saturday Sunday 10:00am - 9:00pm 10:00am - 9:00pm 10:00am - 9:00pm 10:00am - 9:00pm 10:00am - 9:00pm 10:00am - 9:00pm 11:00am - 7:00pm","https://www.tillys.com/stores"
"https://www.tillys.com","Waterford Lakes Town Center","343 North Alafaya Trail","Orlando","FL","32828","US","0079","407-384-8445","<MISSING>","28.553","-81.205","Monday Tuesday Wednesday Thursday Friday Saturday Sunday 10:00am - 9:00pm 10:00am - 9:00pm 10:00am - 9:00pm 10:00am - 9:00pm 10:00am - 10:00pm 10:00am - 10:00pm 11:00am - 7:00pm","https://www.tillys.com/stores"
"https://www.tillys.com","Weberstown Mall","4950 Pacific Avenue","Stockton","CA","95207","US","0114","209-951-2794","<MISSING>","37.996","-121.314","Monday Tuesday Wednesday Thursday Friday Saturday Sunday 10:00am - 9:00pm 10:00am - 9:00pm 10:00am - 9:00pm 10:00am - 9:00pm 10:00am - 9:00pm 10:00am - 9:00pm 11:00am - 6:00pm","https://www.tillys.com/stores"
"https://www.tillys.com","Westfield Annapolis","1170 Annapolis Mall","Annapolis","MD","21401","US","0106","410-266-0095","<MISSING>","38.988","-76.545","Monday Tuesday Wednesday Thursday Friday Saturday Sunday 10:00am - 9:00pm 10:00am - 9:30pm 10:00am - 9:30pm 10:00am - 9:30pm 10:00am - 9:30pm 10:00am - 9:30pm 11:00am - 7:00pm","https://www.tillys.com/stores"
"https://www.tillys.com","Westfield Palm Desert","72840 Highway 111","Palm Desert","CA","92260","US","0032","760-773-3791","<MISSING>","33.722","-116.394","Monday Tuesday Wednesday Thursday Friday Saturday Sunday 10:00am - 9:00pm 10:00am - 9:00pm 10:00am - 9:00pm 10:00am - 9:00pm 10:00am - 9:00pm 10:00am - 9:00pm 11:00am - 7:00pm","https://www.tillys.com/stores"
"https://www.tillys.com","Westroads Mall","10000 California Street","Omaha","NE","68114","US","0183","402-938-3190","<MISSING>","41.264","-96.069","Monday Tuesday Wednesday Thursday Friday Saturday Sunday 10:00am - 9:00pm 10:00am - 9:00pm 10:00am - 9:00pm 10:00am - 9:00pm 10:00am - 9:00pm 10:00am - 9:00pm 11:00am - 6:00pm","https://www.tillys.com/stores"
"https://www.tillys.com","White Oaks Mall","2501 Wabash Ave","Springfield","IL","62704","US","0184","217-993-7012","<MISSING>","39.766","-89.704","Monday Tuesday Wednesday Thursday Friday Saturday Sunday 10:00am - 9:00pm 10:00am - 9:00pm 10:00am - 9:00pm 10:00am - 9:00pm 10:00am - 9:00pm 10:00am - 9:00pm 11:00am - 6:00pm","https://www.tillys.com/stores"
"https://www.tillys.com","Wolfchase Galleria","2760 N. Germantown Parkway","Memphis","TN","38133","US","0222","901-505-6791","<MISSING>","35.201","-89.788","Monday Tuesday Wednesday Thursday Friday Saturday Sunday 10:00am - 9:00pm 10:00am - 9:00pm 10:00am - 9:00pm 10:00am - 9:00pm 10:00am - 9:00pm 10:00am - 9:00pm 12:00pm - 6:00pm","https://www.tillys.com/stores"
"https://www.tillys.com","Woodbridge Center","400 Woodbridge Center Drive","Woodbridge","NJ","07095","US","0123","732-634-2468","<MISSING>","40.554","-74.301","Monday Tuesday Wednesday Thursday Friday Saturday Sunday 10:00am - 9:30pm 10:00am - 9:30pm 10:00am - 9:30pm 10:00am - 9:30pm 10:00am - 9:30pm 10:00am - 9:30pm 11:00am - 7:00pm","https://www.tillys.com/stores"
"https://www.tillys.com","Woodfield Mall","E314A Woodfield Mall","Schaumburg","IL","60173","US","0218","847-466-3011","<MISSING>","42.047","-88.046","Monday Tuesday Wednesday Thursday Friday Saturday Sunday 10:00am - 9:00pm 10:00am - 9:00pm 10:00am - 9:00pm 10:00am - 9:00pm 10:00am - 9:00pm 10:00am - 9:00pm 11:00am - 6:00pm","https://www.tillys.com/stores"
"https://www.tillys.com","Woodland Hills Mall","7021 S Memorial Drive","Tulsa","OK","74133","US","0216","918-505-6135","<MISSING>","36.063","-95.881","Monday Tuesday Wednesday Thursday Friday Saturday Sunday 10:00am - 9:00pm 10:00am - 9:00pm 10:00am - 9:00pm 10:00am - 9:00pm 10:00am - 9:00pm 10:00am - 9:00pm 12:00pm - 7:00pm","https://www.tillys.com/stores"
"https://www.tillys.com","10 Whatney - Corporate HQ","10 Whatney","Irvine","CA","92618","US","10 Whatney","949-699-5599","<MISSING>","33.6828","-117.7254","<MISSING>","https://www.tillys.com/stores"
"https://www.tillys.com","12 Whatney - Corporate HQ","12 Whatney","Irvine","CA","92618","US","12 Whatney","949-609-5599","<MISSING>","33.6828","-117.7254","<MISSING>","https://www.tillys.com/stores"
"https://www.tillys.com","17 Pasteur - Ecommerce DC","17 Pasteur","Irvine","CA","92618","US","17 Pasteur","866-484-5597","<MISSING>","33.6828","-117.7254","<MISSING>","https://www.tillys.com/stores"
"https://www.tillys.com","North East Mall","1101 Melbourne Road","Hurst","TX","76053","US","0180","817-893-1144","<MISSING>","32.831","-97.199","Monday Tuesday Wednesday Thursday Friday Saturday Sunday 10:00am - 9:00pm 10:00am - 9:00pm 10:00am - 9:00pm 10:00am - 9:00pm 10:00am - 9:00pm 10:00am - 9:00pm 12:00pm - 6:00pm","https://www.tillys.com/stores"
"https://www.tillys.com","The Palms at Town and Country","8740 Mills Drive","Miami","FL","33183","US","0182","305-341-0203","<MISSING>","25.687","-80.386","Monday Tuesday Wednesday Thursday Friday Saturday Sunday 10:00am - 9:00pm 10:00am - 9:00pm 10:00am - 9:00pm 10:00am - 9:00pm 10:00am - 9:00pm 10:00am - 9:00pm 12:00pm - 6:00pm","https://www.tillys.com/stores"
"https://www.tillys.com","Cross Creek Mall","109 Cross Creek Mall","Fayetteville","NC","28303","US","0208","910-364-0089","<MISSING>","35.072","-78.961","Monday Tuesday Wednesday Thursday Friday Saturday Sunday 10:00am - 9:00pm 10:00am - 9:00pm 10:00am - 9:00pm 10:00am - 9:00pm 10:00am - 9:00pm 10:00am - 9:00pm 12:00pm - 6:00pm","https://www.tillys.com/stores"
"https://www.tillys.com","Northwest Promenade","9010 Rosedale Highway","Bakersfield","CA","93312","US","0257","(661) 535-6268","<MISSING>","35.385432","-119.102214","Monday Tuesday Wednesday Thursday Friday Saturday Sunday 10:00am - 9:00pm 10:00am - 9:00pm 10:00am - 9:00pm 10:00am - 9:00pm 10:00am - 9:00pm 10:00am - 9:00pm 10:00am - 7:00pm","https://www.tillys.com/stores"
"https://www.tillys.com","Clovis Crossing Shopping Center","1215 Herndon Ave","Clovis","CA","93612","US","0242","559-862-2455","<MISSING>","36.839","-119.694","Monday Tuesday Wednesday Thursday Friday Saturday Sunday 10:00am - 9:00pm 10:00am - 9:00pm 10:00am - 9:00pm 10:00am - 9:00pm 10:00am - 9:00pm 10:00am - 9:00pm 12:00pm - 6:00pm","https://www.tillys.com/stores"
"https://www.tillys.com","Orland Square","540 Orland Square Drive","Orland Park","IL","60462","US","0252","(708) 675-3021","<MISSING>","41.620214","-87.852284","Monday Tuesday Wednesday Thursday Friday Saturday Sunday 10:00am - 9:00pm 10:00am - 9:00pm 10:00am - 9:00pm 10:00am - 9:00pm 10:00am - 9:00pm 10:00am - 9:00pm 11:00am - 6:00pm","https://www.tillys.com/stores"
"https://www.tillys.com","Natick Mall","1245 Worcester Street","Natick","MA","01760","US","0259","(508) 903-4555","<MISSING>","42.300841","-71.38415","Monday Tuesday Wednesday Thursday Friday Saturday Sunday 10:00am - 8:00pm 10:00am - 9:00pm 10:00am - 9:00pm 10:00am - 9:00pm 10:00am - 9:00pm 10:00am - 9:00pm 11:00am - 6:00pm","https://www.tillys.com/stores"
"https://www.tillys.com","SouthPark Mall","428 SouthPark Center","Strongsville","OH","44136","US","0238","440-783-3751","<MISSING>","41.311","-81.818","Monday Tuesday Wednesday Thursday Friday Saturday Sunday 10:00am - 9:00pm 10:00am - 9:00pm 10:00am - 9:00pm 10:00am - 9:00pm 10:00am - 9:00pm 10:00am - 9:00pm 11:00am - 6:00pm","https://www.tillys.com/stores"
"https://www.tillys.com","The Woodlands Mall","1201 Lake Woodlands Dr.","The Woodlands","TX","77380","US","0254","832-823-7268","<MISSING>","30.163959","-95.45537","Monday Tuesday Wednesday Thursday Friday Saturday Sunday 10:00am - 9:00pm 10:00am - 9:00pm 10:00am - 9:00pm 10:00am - 9:00pm 10:00am - 9:00pm 10:00am - 9:00pm 12:00pm - 6:00pm","https://www.tillys.com/stores"
"https://www.tillys.com","Stonebriar Centre - Now Open!","2601 Preston Road","Frisco","TX","75034","US","0262","(469) 604-0975","<MISSING>","33.099298","-96.811331","Monday Tuesday Wednesday Thursday Friday Saturday Sunday 10:00am - 9:00pm 10:00am - 9:00pm 10:00am - 9:00pm 10:00am - 9:00pm 10:00am - 9:00pm 10:00am - 9:00pm 12:00pm - 6:00pm","https://www.tillys.com/stores"
"https://www.tillys.com","Marketplace at Laguna Niguel","27150 Alicia Pkwy.","Laguna Niguel","CA","92677","US","0008","949-448-0316","<MISSING>","33.568","-117.714","Monday 10:00am - 9:00pm Tuesday 10:00am - 9:00pm Wednesday 10:00am - 9:00pm Thursday 10:00am - 9:00pm Friday 10:00am - 9:00pm Saturday 10:00am - 8:00pm Sunday 10:00am - 7:00pm","https://www.tillys.com/stores"
"https://www.tillys.com","Elk Grove Commons","9688 Bruceville Rd.","Elk Grove","CA","95757","US","0040","916-686-0260","<MISSING>","38.443","-121.41","Monday Tuesday Wednesday Thursday Friday Saturday Sunday 10:00am - 9:00pm 10:00am - 9:00pm 10:00am - 9:00pm 10:00am - 9:00pm 10:00am - 9:00pm 10:00am - 9:00pm 10:00am - 8:00pm","https://www.tillys.com/stores"
"https://www.tillys.com","Arrowhead Towne Center","7700 West Arrowhead Towne Center","Glendale","AZ","85308","US","0048","623-979-9031","<MISSING>","33.642","-112.226","Monday Tuesday Wednesday Thursday Friday Saturday Sunday 10:00am - 9:00pm 10:00am - 9:00pm 10:00am - 9:00pm 10:00am - 9:00pm 10:00am - 9:00pm 10:00am - 9:00pm 11:00am - 6:00pm","https://www.tillys.com/stores"
"https://www.tillys.com","Parkway Plaza","363 Parkway Plaza","El Cajon","CA","92020","US","0052","619-401-0879","<MISSING>","32.805","-116.967","Monday Tuesday Wednesday Thursday Friday Saturday Sunday 10:00am - 9:00pm 10:00am - 9:00pm 10:00am - 9:00pm 10:00am - 9:00pm 10:00am - 9:00pm 10:00am - 9:00pm 11:00am - 7:00pm","https://www.tillys.com/stores"
"https://www.tillys.com","Tempe Marketplace","2000 East Rio Salado Pkwy.","Tempe","AZ","85281","US","0076","480-894-5329","<MISSING>","33.433","-111.904","Monday Tuesday Wednesday Thursday Friday Saturday Sunday 10:00am - 9:00pm 10:00am - 9:00pm 10:00am - 9:00pm 10:00am - 9:00pm 10:00am - 9:30pm 10:00am - 9:30pm 11:00am - 6:00pm","https://www.tillys.com/stores"
"https://www.tillys.com","Lake Pleasant","24640 North Lake Pleasant Pkwy.","Peoria","AZ","85383","US","0084","623-825-2996","<MISSING>","33.708","-112.273","Monday Tuesday Wednesday Thursday Friday Saturday Sunday 10:00am - 9:00pm 10:00am - 9:00pm 10:00am - 9:00pm 10:00am - 9:00pm 10:00am - 9:00pm 10:00am - 9:00pm 11:00am - 7:00pm","https://www.tillys.com/stores"
"https://www.tillys.com","Florida Mall","8001 South Orange Blossom Trail","Orlando","FL","32809","US","0096","407-852-5810","<MISSING>","28.445","-81.397","Monday Tuesday Wednesday Thursday Friday Saturday Sunday 10:00am - 9:00pm 10:00am - 9:00pm 10:00am - 9:00pm 10:00am - 9:00pm 10:00am - 9:00pm 10:00am - 10:00pm 12:00pm - 6:00pm","https://www.tillys.com/stores"
"https://www.tillys.com","Park Place Mall","5870 East Broadway","Tucson","AZ","85711","US","0124","520-512-5502","<MISSING>","32.222","-110.868","Monday Tuesday Wednesday Thursday Friday Saturday Sunday 10:00am - 9:00pm 10:00am - 9:00pm 10:00am - 9:00pm 10:00am - 9:00pm 10:00am - 9:00pm 10:00am - 9:00pm 12:00pm - 6:00pm","https://www.tillys.com/stores"
"https://www.tillys.com","Lakeland Square","3800 US Highway 98 North","Lakeland","FL","33809","US","0132","863-853-4989","<MISSING>","28.091","-81.974","Monday Tuesday Wednesday Thursday Friday Saturday Sunday 10:00am - 9:00pm 10:00am - 9:00pm 10:00am - 9:00pm 10:00am - 9:00pm 10:00am - 9:00pm 10:00am - 9:00pm 12:00pm - 6:00pm","https://www.tillys.com/stores"
"https://www.tillys.com","Desert Ridge Marketplace","21001 N Tatum Blvd","Phoenix","AZ","85050","US","0145","480-563-6413","<MISSING>","33.679","-111.975","Monday Tuesday Wednesday Thursday Friday Saturday Sunday 10:00am - 9:00pm 10:00am - 9:00pm 10:00am - 9:00pm 10:00am - 9:00pm 10:00am - 9:00pm 10:00am - 9:00pm 11:00am - 6:00pm","https://www.tillys.com/stores"
"https://www.tillys.com","Station Park","170 N. Station Parkway","Farmington","UT","84025","US","0148","801-451-1988","<MISSING>","40.988","-111.911","Monday Tuesday Wednesday Thursday Friday Saturday Sunday 10:00am - 9:00pm 10:00am - 9:00pm 10:00am - 9:00pm 10:00am - 9:00pm 10:00am - 9:00pm 10:00am - 9:00pm 12:00pm - 6:00pm","https://www.tillys.com/stores"
"https://www.tillys.com","Bay Park Square ","110A Bay Park Square","Green Bay","WI","54304","US","0150","920-498-3421","<MISSING>","44.485","-88.067","Monday Tuesday Wednesday Thursday Friday Saturday Sunday 10:00am - 9:00pm 10:00am - 9:00pm 10:00am - 9:00pm 10:00am - 9:00pm 10:00am - 9:00pm 10:00am - 9:00pm 11:00am - 6:00pm","https://www.tillys.com/stores"
"https://www.tillys.com","Ocean County Mall","1201 Hooper Ave","Toms River","NJ","08753","US","0190","732-504-0024","<MISSING>","39.982","-74.177","Monday Tuesday Wednesday Thursday Friday Saturday Sunday 10:00am - 9:30pm 10:00am - 9:30pm 10:00am - 9:30pm 10:00am - 9:30pm 10:00am - 9:30pm 10:00am - 9:30pm 11:00am - 6:00pm","https://www.tillys.com/stores"
"https://www.tillys.com","Coral Square","9541 W Atlantic Blvd","Coral Springs","FL","33071","US","0195","954-688-5999","<MISSING>","26.239","-80.248","Monday Tuesday Wednesday Thursday Friday Saturday Sunday 10:00am - 9:00pm 10:00am - 9:00pm 10:00am - 9:00pm 10:00am - 9:00pm 10:00am - 9:00pm 10:00am - 9:00pm 12:00pm - 6:00pm","https://www.tillys.com/stores"
"https://www.tillys.com","Mall of Georgia","3333 Buford Drive","Buford","GA","30519","US","0220","678-288-0076","<MISSING>","34.065","-83.985","Monday Tuesday Wednesday Thursday Friday Saturday Sunday 10:00am - 9:00pm 10:00am - 9:00pm 10:00am - 9:00pm 10:00am - 9:00pm 10:00am - 9:00pm 10:00am - 9:00pm 12:00pm - 6:00pm","https://www.tillys.com/stores"
"https://www.tillys.com","Stonewood Center\t","140 Stonewood Street","Downey","CA","90241","US","0221","562-674-2017","<MISSING>","33.937","-118.122","Monday Tuesday Wednesday Thursday Friday Saturday Sunday 10:00am - 9:00pm 10:00am - 9:00pm 10:00am - 9:00pm 10:00am - 9:00pm 10:00am - 9:00pm 10:00am - 8:00pm 11:00am - 7:00pm","https://www.tillys.com/stores"
"https://www.tillys.com","Providence Place","19 Providence Place","Providence","RI","02903","US","0244","401-824-5533","<MISSING>","41.827412","-71.415982","Monday Tuesday Wednesday Thursday Friday Saturday Sunday 10:00am - 9:00pm 10:00am - 9:00pm 10:00am - 9:00pm 10:00am - 9:00pm 10:00am - 9:00pm 10:00am - 9:00pm 11:00am - 6:00pm","https://www.tillys.com/stores"
"https://www.tillys.com","The Galleria","5015 Westheimer Road","Houston","TX","77056","US","0245","713-821-2422","<MISSING>","29.7392","-95.4634","Monday Tuesday Wednesday Thursday Friday Saturday Sunday 10:00am - 9:00pm 10:00am - 9:00pm 10:00am - 9:00pm 10:00am - 9:00pm 10:00am - 9:00pm 10:00am - 9:00pm 11:00am - 7:00pm","https://www.tillys.com/stores"
"https://www.tillys.com","Santa Margarita Town Center","30616 Santa Margarita Pkwy","Rancho Santa Margarita","CA","92688","US","0010","949-888-0318","<MISSING>","33.644","-117.595","Monday Tuesday Wednesday Thursday Friday Saturday Sunday 10:00am - 9:00pm 10:00am - 9:00pm 10:00am - 9:00pm 10:00am - 9:00pm 10:00am - 9:00pm 10:00am - 8:00pm 10:00am - 7:00pm","https://www.tillys.com/stores"
"https://www.tillys.com","Del Amo Fashion Center","21712 Hawthorn Blvd.","Torrance","CA","90503","US","0404","(310) 228-5149","<MISSING>","33.833464","-118.350754","Monday Tuesday Wednesday Thursday Friday Saturday Sunday 10:00am - 9:00pm 10:00am - 9:00pm 10:00am - 9:00pm 10:00am - 9:00pm 10:00am - 9:00pm 10:00am - 8:00pm 11:00pm - 7:00pm","https://www.tillys.com/stores"
"https://www.tillys.com","Willowbrook - Now Open!","1665 Willowbrook Mall","Wayne","NJ","07470","US","0261","(973) 826-1706","<MISSING>","40.9484","-74.2449","Monday Tuesday Wednesday Thursday Friday Saturday Sunday 10:00am - 8:00pm 10:00am - 9:00pm 10:00am - 9:00pm 10:00am - 9:00pm 10:00am - 9:00pm 10:00am - 9:00pm 11:00am - 7:00pm","https://www.tillys.com/stores"
"https://www.tillys.com","Mall of America","246 North Garden","Bloomington","MN","55425","US","0160","952-814-1035","<MISSING>","44.856","-93.242","Monday Tuesday Wednesday Thursday Friday Saturday Sunday 10:00am - 9:30pm 10:00am - 9:30pm 10:00am - 9:30pm 10:00am - 9:30pm 10:00am - 9:30pm 9:00am - 9:30pm 11:00am - 7:00pm","https://www.tillys.com/stores"
"https://www.tillys.com","North Star Mall","7400 San Pedro","San Antonio","TX","78216","US","0239","210-536-8587","<MISSING>","29.519","-98.496","Monday Tuesday Wednesday Thursday Friday Saturday Sunday 10:00am - 9:00pm 10:00am - 9:00pm 10:00am - 9:00pm 10:00am - 9:00pm 10:00am - 9:00pm 10:00am - 9:00pm 12:00pm - 6:00pm","https://www.tillys.com/stores"
"https://www.tillys.com","Barton Creek Square - Now Open!","2901 S. Capital of Texas Highway","Austin","TX","78746","US","0248","(512) 712-1170","<MISSING>","30.257437","-97.807244","Monday Tuesday Wednesday Thursday Friday Saturday Sunday 10:00am - 9:00pm 10:00am - 9:00pm 10:00am - 9:00pm 10:00am - 9:00pm 10:00am - 9:00pm 10:00am - 9:00pm 11:00am - 7:00pm","https://www.tillys.com/stores"
"https://www.tillys.com","La Plaza Mall","2200 S 10th St","McAllen","TX","78503","US","0249","956-800-6757","<MISSING>","26.187748","-98.235818","Monday Tuesday Wednesday Thursday Friday Saturday Sunday 10:00am - 9:00pm 10:00am - 9:00pm 10:00am - 9:00pm 10:00am - 9:00pm 10:00am - 9:00pm 10:00am - 9:00pm 11:00am - 7:00pm","https://www.tillys.com/stores"
"https://www.tillys.com","Mountain View Village","4644 W Kestrel Range Road","Riverton","UT","84065","US","0250","801-999-9703","<MISSING>","40.511583","-111.998721","Monday Tuesday Wednesday Thursday Friday Saturday Sunday 10:00am - 9:00pm 10:00am - 9:00pm 10:00am - 9:00pm 10:00am - 9:00pm 10:00am - 9:00pm 10:00am - 9:00pm 12:00pm - 6:00pm","https://www.tillys.com/stores"
"https://www.tillys.com","Mall at Rockingham Park","99 Rockingham Park Boulevard","Salem","NH","03079","US","0251","603-328-3152","<MISSING>","42.767416","-71.231454","Monday Tuesday Wednesday Thursday Friday Saturday Sunday 10:00am - 9:00pm 10:00am - 9:00pm 10:00am - 9:00pm 10:00am - 9:00pm 10:00am - 9:00pm 10:00am - 9:00pm 11:00am - 6:00pm","https://www.tillys.com/stores"
"https://www.tillys.com","Christiana Mall","131 Christiana Mall","Newark","DE","19702","US","0253","(302) 273-6935","<MISSING>","39.678574","-75.652182","Monday Tuesday Wednesday Thursday Friday Saturday Sunday 10:00am - 9:00pm 10:00am - 9:00pm 10:00am - 9:00pm 10:00am - 9:00pm 10:00am - 9:00pm 10:00am - 9:00pm 11:00am - 6:00pm","https://www.tillys.com/stores"
"https://www.tillys.com","Mall of New Hampshire","1500 South Willow Street","Manchester","NH","03103","US","0255","(603) 935-6631","<MISSING>","42.955622","-71.431925","Monday Tuesday Wednesday Thursday Friday Saturday Sunday 10:00am - 9:00pm 10:00am - 9:00pm 10:00am - 9:00pm 10:00am - 9:00pm 10:00am - 9:00pm 10:00am - 9:00pm 11:00am - 6:00pm","https://www.tillys.com/stores"
"https://www.tillys.com","Willowbrook Mall - Now Open!","1074 Willowbrook Mall","Houston","TX","77070","US","0256","(281) 640-7012","<MISSING>","29.960149","-95.539131","Monday Tuesday Wednesday Thursday Friday Saturday Sunday 10:00am - 9:00pm 10:00am - 9:00pm 10:00am - 9:00pm 10:00am - 9:00pm 10:00am - 9:00pm 10:00am - 9:00pm 12:00pm - 6:00pm","https://www.tillys.com/stores"
"https://www.tillys.com","Assembly Row - Now Open!","361 Artisan Way","Somerville","MA","02145","US","0263","(617) 616-1038","<MISSING>","42.394975","-71.080236","Monday Tuesday Wednesday Thursday Friday Saturday Sunday 10:00am - 9:00pm 10:00am - 9:00pm 10:00am - 9:00pm 10:00am - 9:00pm 10:00am - 9:00pm 10:00am - 8:00pm 11:00am - 6:00pm","https://www.tillys.com/stores"
"https://www.tillys.com","Pheasant Run","2015 Forest Ave.","Chico","CA","95928","US","0258","(530) 801-6344","<MISSING>","39.726287","-121.799957","Monday Tuesday Wednesday Thursday Friday Saturday Sunday 10:00am - 9:00pm 10:00am - 9:00pm 10:00am - 9:00pm 10:00am - 9:00pm 10:00am - 9:00pm 10:00am - 9:00pm 10:00am - 7:00pm","https://www.tillys.com/stores"
